delete from farminfo;
delete from avcsysinfo;
delete from agcsysinfo;
delete from svcinfo;
delete from svginfo;
delete from bstationpos;
delete from bstationtie;
delete from itinfo;
delete from itavc;
delete from itagc;
delete from point;
delete from commstatus;
delete from sysimp;
delete from collline;

insert into sysimp(id,calctime,systmpnum) values(1,0,20);
insert into sysimp(id,calctime,systmpnum) values(2,0,20);
insert into sysimp(id,calctime,systmpnum) values(3,0,20);
insert into sysimp(id,calctime,systmpnum) values(4,0,20);
insert into sysimp(id,calctime,systmpnum) values(5,0,20);
insert into sysimp(id,calctime,systmpnum) values(6,0,20);
insert into sysimp(id,calctime,systmpnum) values(7,0,20);
insert into sysimp(id,calctime,systmpnum) values(8,0,20);
insert into sysimp(id,calctime,systmpnum) values(9,0,20);
insert into sysimp(id,calctime,systmpnum) values(10,0,20);


insert into farminfo
(id,name,corporation,location,gpsxy,area,allcapacity,runcapacity,landform,granulation,powerdensity,iltsname,version,
p_id,q_id,busrtv_id,busri_id,fusev_id,fchildv_id,farmsump_id,farmsumq_id,wsavg_id,wvavg_id,irradiance_id,tp_id,
rcap_id,runnum_id,rpower_id,tpower_id,mcstie_id,fault_id,qsuccessTime_id,psuccessTime_id)
values
(1,'国能日新','','','','',5,5,'','','','','v3.1',1,2,3,4,5,6,7,8,9,10,11,12,13,14,15,16,17,10454,70402,70403);

insert into avcsysinfo
(id,start_id,contrmod_id,assmethod_id,status_id,cmdtargetv_id,rttargetv_id,plantargetv_id,mantargetv_id,
bustargetv_id,targetq_id,farmsumq_id,pf_id,sysimp_id,runstatus_id,unableadd_id,unablesub_id,deadareav_id,
adjmaxarea_id,standardv_id,sysimpmax_id,sysimpmin_id,bushlimitv_id,busllimitv_id,
farmvhlimit_id,farmvllimit_id,deadareaq_id,buslhlimitq_id,busllimitq_id,
fvmax_id,conintertime_id,gplanouttime_id,modstatus_id,unablecom_id,unableavc_id,unablesys_id,
loopaction_id,loopstatus_id,
priority_id,asvgq_id,ainverterq_id,qhcap_id,qlcap_id,
timegap_id,alivetime_id,strategy_id,offset_id,fulltargetp_id,contdotmod_id,dotmodstatus_id,
svgcircsend_id,btiectlmode_id,deadareaf_id,itcmdmod_id,itcmdstatus_id,busrtvUpdateState_id
)
values
(1,18,19,20,21,22,23,24,25,26,27,28,29,31,32,33,34,35,36,37,38,39,41,42,45,46,47,48,49,52,53,54,79,10458,10459,10460,10600,10601,
70001,70002,70003,70004,70005,
60100,60101,70031,70032,70033,70034,70035,70100,70101,70400,70500,70501,70401
);
insert into point(id,name,description,sourcetype,parenttype,parentid,pointtype,needarchive,artime,sntime,sndvalue,snivalue,arcdvalue,arcivalue,arcquality,snquality,timeout,cmpdev,cmpmintime,cmpmaxtime,ifalarm,alarmlevel,hlimit,llimit,alarmref) values(70400,'avcsysinfo_deadareaf','目标功率因数死区',1,10,1,2,1,'','',0.1,'','','','',1,300,0.5,1,1200,2,1,10000,-10000,0);

insert into point(id,name,description,sourcetype,parenttype,parentid,pointtype,needarchive,artime,sntime,sndvalue,snivalue,arcdvalue,arcivalue,arcquality,snquality,timeout,cmpdev,cmpmintime,cmpmaxtime,ifalarm,alarmlevel,hlimit,llimit,alarmref) values(70401,'avcsysinfo_busrtvUpdateState','母线电压状态',4,4,1,1,2,'','',0,'','','','',1,300,1,1,1200,2,1,10000,-10000,0);
insert into point(id,name,description,sourcetype,parenttype,parentid,pointtype,needarchive,artime,sntime,sndvalue,snivalue,arcdvalue,arcivalue,arcquality,snquality,timeout,cmpdev,cmpmintime,cmpmaxtime,ifalarm,alarmlevel,hlimit,llimit,alarmref) values(70402,'avcsysinfo_qsuccessTime','电压调节成功耗时',4,4,1,1,2,'','',0,'','','','',1,300,1,1,1200,2,1,10000,-10000,0);
insert into point(id,name,description,sourcetype,parenttype,parentid,pointtype,needarchive,artime,sntime,sndvalue,snivalue,arcdvalue,arcivalue,arcquality,snquality,timeout,cmpdev,cmpmintime,cmpmaxtime,ifalarm,alarmlevel,hlimit,llimit,alarmref) values(70403,'avcsysinfo_psuccessTime','有功调节成功耗时',4,4,1,1,2,'','',0,'','','','',1,300,1,1,1200,2,1,10000,-10000,0);

insert into point(id,name,description,sourcetype,parenttype,parentid,pointtype,needarchive,artime,sntime,sndvalue,snivalue,arcdvalue,arcivalue,arcquality,snquality,timeout,cmpdev,cmpmintime,cmpmaxtime,ifalarm,alarmlevel,hlimit,llimit,alarmref) values(70100,'avcsysinfo_svgcircsend','SVG是否循环发送命令',1,10,1,5,1,'','','',0,'','','',1,300,0.5,1,1200,2,1,10000,-10000,0);
insert into point(id,name,description,sourcetype,parenttype,parentid,pointtype,needarchive,artime,sntime,sndvalue,snivalue,arcdvalue,arcivalue,arcquality,snquality,timeout,cmpdev,cmpmintime,cmpmaxtime,ifalarm,alarmlevel,hlimit,llimit,alarmref) values(70101,'avcsysinfo_btiectlmode','分接头调节是方式',1,10,1,5,1,'','','',0,'','','',1,300,0.5,1,1200,2,1,10000,-10000,0);

insert into point(id,name,description,sourcetype,parenttype,parentid,pointtype,needarchive,artime,sntime,sndvalue,snivalue,arcdvalue,arcivalue,arcquality,snquality,timeout,cmpdev,cmpmintime,cmpmaxtime,ifalarm,alarmlevel,hlimit,llimit,alarmref) values(70001,'avcsysinfo_priority','AVC调节项SVG、逆变器、主变分接头调节优先级',1,10,1,5,1,'','','',1,'','','',1,300,0.5,1,1200,2,1,10000,-10000,0);
insert into point(id,name,description,sourcetype,parenttype,parentid,pointtype,needarchive,artime,sntime,sndvalue,snivalue,arcdvalue,arcivalue,arcquality,snquality,timeout,cmpdev,cmpmintime,cmpmaxtime,ifalarm,alarmlevel,hlimit,llimit,alarmref) values(70002,'avcsysinfo_asvgq','AVC是否允许调节SVG',1,10,1,5,1,'','','',1,'','','',1,300,0.5,1,1200,2,1,10000,-10000,0);
insert into point(id,name,description,sourcetype,parenttype,parentid,pointtype,needarchive,artime,sntime,sndvalue,snivalue,arcdvalue,arcivalue,arcquality,snquality,timeout,cmpdev,cmpmintime,cmpmaxtime,ifalarm,alarmlevel,hlimit,llimit,alarmref) values(70003,'avcsysinfo_ainverterq','AVC是否允许调节逆变器',1,10,1,5,1,'','','',1,'','','',1,300,0.5,1,1200,2,1,10000,-10000,0);
insert into point(id,name,description,sourcetype,parenttype,parentid,pointtype,needarchive,artime,sntime,sndvalue,snivalue,arcdvalue,arcivalue,arcquality,snquality,timeout,cmpdev,cmpmintime,cmpmaxtime,ifalarm,alarmlevel,hlimit,llimit,alarmref) values(70004,'avcsysinfo_qhcap','AVC无功向上可调容量',1,10,1,2,1,'','','0','','','','',1,300,0.5,1,1200,2,1,10000,-10000,0);
insert into point(id,name,description,sourcetype,parenttype,parentid,pointtype,needarchive,artime,sntime,sndvalue,snivalue,arcdvalue,arcivalue,arcquality,snquality,timeout,cmpdev,cmpmintime,cmpmaxtime,ifalarm,alarmlevel,hlimit,llimit,alarmref) values(70005,'avcsysinfo_qlcap','AVC无功向下可调容量',1,10,1,2,1,'','','0','','','','',1,300,0.5,1,1200,2,1,10000,-10000,0);

insert into point(id,name,description,sourcetype,parenttype,parentid,pointtype,needarchive,artime,sntime,sndvalue,snivalue,arcdvalue,arcivalue,arcquality,snquality,timeout,cmpdev,cmpmintime,cmpmaxtime,ifalarm,alarmlevel,hlimit,llimit,alarmref) values(60100,'avcsysinfo_timegap','AVC单台逆变器无功调节间隔',1,9,1,5,1,'','','',0,'','','',1,300,0.5,1,1200,2,1,10000,-10000,0);
insert into point(id,name,description,sourcetype,parenttype,parentid,pointtype,needarchive,artime,sntime,sndvalue,snivalue,arcdvalue,arcivalue,arcquality,snquality,timeout,cmpdev,cmpmintime,cmpmaxtime,ifalarm,alarmlevel,hlimit,llimit,alarmref) values(60101,'avcsysinfo_alivetime','AVC调度命令有效时间',1,9,1,5,1,'','','',900,'','','',1,300,0.5,1,1200,2,1,10000,-10000,0);

insert into point(id,name,description,sourcetype,parenttype,parentid,pointtype,needarchive,artime,sntime,sndvalue,snivalue,arcdvalue,arcivalue,arcquality,snquality,timeout,cmpdev,cmpmintime,cmpmaxtime,ifalarm,alarmlevel,hlimit,llimit,alarmref) values(70034,'avcsysinfo_contdotmod','并网点控制模式',3,10,1,3,1,'','','',1,'','','',1,300,0.5,1,1200,2,1,10000,-10000,0);
insert into point(id,name,description,sourcetype,parenttype,parentid,pointtype,needarchive,artime,sntime,sndvalue,snivalue,arcdvalue,arcivalue,arcquality,snquality,timeout,cmpdev,cmpmintime,cmpmaxtime,ifalarm,alarmlevel,hlimit,llimit,alarmref) values(70035,'avcsysinfo_dotmodstatus','并网点模式状态',3,10,1,3,1,'','','',1,'','','',1,300,0.5,1,1200,2,1,10000,-10000,0);

insert into point(id,name,description,sourcetype,parenttype,parentid,pointtype,needarchive,artime,sntime,sndvalue,snivalue,arcdvalue,arcivalue,arcquality,snquality,timeout,cmpdev,cmpmintime,cmpmaxtime,ifalarm,alarmlevel,hlimit,llimit,alarmref) values(70500,'avcsysinfo_itcmdmod_id','逆变器命令模式',3,10,1,3,1,'','','',1,'','','',1,300,0.5,1,1200,2,1,10000,-10000,0);
insert into point(id,name,description,sourcetype,parenttype,parentid,pointtype,needarchive,artime,sntime,sndvalue,snivalue,arcdvalue,arcivalue,arcquality,snquality,timeout,cmpdev,cmpmintime,cmpmaxtime,ifalarm,alarmlevel,hlimit,llimit,alarmref) values(70501,'avcsysinfo_itcmdstatus_id','逆变器命令状态',3,10,1,3,1,'','','',2,'','','',1,300,0.5,1,1200,2,1,10000,-10000,0);

insert into agcsysinfo
(id,conintertime_id,gplanouttime_id,phlimit_id,pllimit_id,pdeadarea_id,fprocmax_id,
fpcrocmax_id,rtcp_id,agcstart_id,agcstatus_id,agccontrmod_id,runstatus_id,targetp_id,ctargetp_id,
rttargetp_id,plantargetp_id,mantargetp_id,unableadd_id,unablesub_id,agcmodstatus_id,unablecom_id,unableagc_id,unablesys_id,
loopaction_id,loopstatus_id,
micadjratio_id,micdeadarea_id,timegap_id,alivetime_id,isagcreset_id,plantimeout_id,timeoutratio_id,strategy_id,offset_id,fulltargetp_id
)
values
(1,55,56,57,58,61,62,63,66,67,68,69,70,71,72,73,74,75,76,77,78,10455,10456,10457,10602,10603,
60001,60002,60003,60004,60005,60006,60007,70030,70088,70089);

insert into point(id,name,description,sourcetype,parenttype,parentid,pointtype,needarchive,artime,sntime,sndvalue,snivalue,arcdvalue,arcivalue,arcquality,snquality,timeout,cmpdev,cmpmintime,cmpmaxtime,ifalarm,alarmlevel,hlimit,llimit,alarmref) values(60001,'agcsysinfo_micadjratio','AGC微调比例',1,9,1,5,1,'','','',0,'','','',1,300,0.5,1,1200,2,1,10000,-10000,0);
insert into point(id,name,description,sourcetype,parenttype,parentid,pointtype,needarchive,artime,sntime,sndvalue,snivalue,arcdvalue,arcivalue,arcquality,snquality,timeout,cmpdev,cmpmintime,cmpmaxtime,ifalarm,alarmlevel,hlimit,llimit,alarmref) values(60002,'agcsysinfo_micdeadarea','AGC微调死区值',1,9,1,5,1,'','','',100,'','','',1,300,0.5,1,1200,2,1,10000,-10000,0);
insert into point(id,name,description,sourcetype,parenttype,parentid,pointtype,needarchive,artime,sntime,sndvalue,snivalue,arcdvalue,arcivalue,arcquality,snquality,timeout,cmpdev,cmpmintime,cmpmaxtime,ifalarm,alarmlevel,hlimit,llimit,alarmref) values(60003,'agcsysinfo_timegap','AGC调节单台逆变器所需时间间隔',1,9,1,5,1,'','','',0,'','','',1,300,0.5,1,1200,2,1,10000,-10000,0);
insert into point(id,name,description,sourcetype,parenttype,parentid,pointtype,needarchive,artime,sntime,sndvalue,snivalue,arcdvalue,arcivalue,arcquality,snquality,timeout,cmpdev,cmpmintime,cmpmaxtime,ifalarm,alarmlevel,hlimit,llimit,alarmref) values(60004,'agcsysinfo_alivetime','AGC调度命令有效时间',1,9,1,5,1,'','','',900,'','','',1,300,0.5,1,1200,2,1,10000,-10000,0);
insert into point(id,name,description,sourcetype,parenttype,parentid,pointtype,needarchive,artime,sntime,sndvalue,snivalue,arcdvalue,arcivalue,arcquality,snquality,timeout,cmpdev,cmpmintime,cmpmaxtime,ifalarm,alarmlevel,hlimit,llimit,alarmref) values(60005,'agcsysinfo_isagcreset','AGC无调度命令至AGC恢复逆变器满发时间',1,9,1,5,1,'','','',0,'','','',1,300,0.5,1,1200,2,1,10000,-10000,0);
insert into point(id,name,description,sourcetype,parenttype,parentid,pointtype,needarchive,artime,sntime,sndvalue,snivalue,arcdvalue,arcivalue,arcquality,snquality,timeout,cmpdev,cmpmintime,cmpmaxtime,ifalarm,alarmlevel,hlimit,llimit,alarmref) values(60006,'agcsysinfo_plantimeout','AGC无调度命令至AGC恢复逆变器满发时间',1,9,1,5,1,'','','',7200,'','','',1,300,0.5,1,1200,2,1,10000,-10000,0);
insert into point(id,name,description,sourcetype,parenttype,parentid,pointtype,needarchive,artime,sntime,sndvalue,snivalue,arcdvalue,arcivalue,arcquality,snquality,timeout,cmpdev,cmpmintime,cmpmaxtime,ifalarm,alarmlevel,hlimit,llimit,alarmref) values(60007,'agcsysinfo_timeoutratio','AGC恢复满发比率',1,9,1,5,1,'','','',100,'','','',1,300,0.5,1,1200,2,1,10000,-10000,0);


insert into svcinfo
(id,svcname,run_id,error_id,ready_id,breakersta_id,hdiscsta_id,hisosta_id,inlinehv_id,inlinelv_id,cvhtalarm_id,cvlgalarm_id,cvhgalarm_id,
cvpressalarm_id,vconrtoltype_id,netv_id,neti_id,svci_id,sysp_id,sysq_id,sysappp_id,syspfac_id,
qadjhlimit_id,qadjllimit_id,vadjhlimit_id,vadjllimit_id,targetv_id,deadareav_id,adjmaxarea_id,standardv_id,
conintertime_id,svcmodstatus_id
)
values
(1,'svc1',10001,10002,10003,10004,10005,10006,10007,10008,10009,10010,10011,10012,10013,10014,10015,10016,10017,10018,
10019,10020,10021,10022,10023,10024,10025,10026,10027,10028,10029,10417
);

insert into svginfo
(id,svgname,run_id,error_id,ready_id,breakersta_id,hdiscsta_id,hisosta_id,inlinehv_id,inlinelv_id,cvhtalarm_id,cvlgalarm_id,
cvhgalarm_id,cvpressalarm_id,vconrtoltype_id,netv_id,neti_id,svgi_id,sysp_id,sysq_id,sysappp_id,syspfac_id,
qadjhlimit_id,qadjllimit_id,vadjhlimit_id,vadjllimit_id,targetv_id,deadareav_id,adjmaxarea_id,standardv_id,
conintertime_id,svgmodstatus_id,
svgconstatus_id,svgq_id,svgtargetq_id,svgcontrolmod_id
)
values
(1,'svg1',10030,10031,10032,10033,10034,10035,10036,10037,10038,10039,10040,10041,10042,10043,10044,10045,10046,10047,10048,10049,
10050,10051,10052,10053,10054,10055,10056,10057,10058,10416,
70011,70012,70013,70014
);

insert into point(id,name,description,sourcetype,parenttype,parentid,pointtype,needarchive,artime,sntime,sndvalue,snivalue,arcdvalue,arcivalue,arcquality,snquality,timeout,cmpdev,cmpmintime,cmpmaxtime,ifalarm,alarmlevel,hlimit,llimit,alarmref) values(70011,'[svg1]svginfo_svgconstatus','【svg1】SVG模式状态',2,8,1,5,1,'','','',0,'','','',1,300,0.5,1,1200,2,1,10000,-10000,0);
insert into point(id,name,description,sourcetype,parenttype,parentid,pointtype,needarchive,artime,sntime,sndvalue,snivalue,arcdvalue,arcivalue,arcquality,snquality,timeout,cmpdev,cmpmintime,cmpmaxtime,ifalarm,alarmlevel,hlimit,llimit,alarmref) values(70012,'[svg1]svginfo_svgq','【svg1】SVG补偿无功',2,8,1,2,1,'','',0,'','','','',1,300,0.5,1,1200,2,1,10000,-10000,0);
insert into point(id,name,description,sourcetype,parenttype,parentid,pointtype,needarchive,artime,sntime,sndvalue,snivalue,arcdvalue,arcivalue,arcquality,snquality,timeout,cmpdev,cmpmintime,cmpmaxtime,ifalarm,alarmlevel,hlimit,llimit,alarmref) values(70013,'[svg1]svginfo_svgtargetq','【svg1】SVG目标补偿无功',2,8,1,4,1,'','',0,'','','','',1,300,0.5,1,1200,2,1,10000,-10000,0);
insert into point(id,name,description,sourcetype,parenttype,parentid,pointtype,needarchive,artime,sntime,sndvalue,snivalue,arcdvalue,arcivalue,arcquality,snquality,timeout,cmpdev,cmpmintime,cmpmaxtime,ifalarm,alarmlevel,hlimit,llimit,alarmref) values(70014,'[svg1]svginfo_svgcontrolmod','【svg1】SVG模式控制',2,8,1,3,1,'','','',0,'','','',1,300,0.5,1,1200,2,1,10000,-10000,0);


insert into bstationtie
(
id,bstname,targetpos_id,posnum_id,avcintertime_id,posrunstatus_id,
bstieihlimit_id,bstieillimit_id,unableadd_id,unablesub_id,tiedevation_id,bstmodstatus_id,ashutdown_id,
btiecontrol_id
)
values
(1,'bstation1',10059,10060,10061,10390,10391,10392,10393,10394,10395,10418,10522,70021
);

insert into point(id,name,description,sourcetype,parenttype,parentid,pointtype,needarchive,artime,sntime,sndvalue,snivalue,arcdvalue,arcivalue,arcquality,snquality,timeout,cmpdev,cmpmintime,cmpmaxtime,ifalarm,alarmlevel,hlimit,llimit,alarmref) values(70021,'[bstation1]bstationtie_btiecontrol','【bstation1】分接头升档、降档控制',2,11,1,3,1,'','','',0,'','','',1,300,0.5,1,1200,2,1,10000,-10000,0);


insert into bstationpos (id,bstid,posnumber,pos_id) values (1,1,1,10419);
insert into bstationpos (id,bstid,posnumber,pos_id) values (2,1,2,10420);
insert into bstationpos (id,bstid,posnumber,pos_id) values (3,1,3,10421);
insert into bstationpos (id,bstid,posnumber,pos_id) values (4,1,4,10422);
insert into bstationpos (id,bstid,posnumber,pos_id) values (5,1,5,10423);
insert into bstationpos (id,bstid,posnumber,pos_id) values (6,1,6,10424);
insert into bstationpos (id,bstid,posnumber,pos_id) values (7,1,7,10425);
insert into bstationpos (id,bstid,posnumber,pos_id) values (8,1,8,10426);
insert into bstationpos (id,bstid,posnumber,pos_id) values (9,1,9,10427);
insert into bstationpos (id,bstid,posnumber,pos_id) values (10,1,10,10428);
insert into bstationpos (id,bstid,posnumber,pos_id) values (11,1,11,10429);
insert into bstationpos (id,bstid,posnumber,pos_id) values (12,1,12,10430);
insert into bstationpos (id,bstid,posnumber,pos_id) values (13,1,13,10431);
insert into bstationpos (id,bstid,posnumber,pos_id) values (14,1,14,10432);
insert into bstationpos (id,bstid,posnumber,pos_id) values (15,1,15,10433);
insert into bstationpos (id,bstid,posnumber,pos_id) values (16,1,16,10434);
insert into bstationpos (id,bstid,posnumber,pos_id) values (17,1,17,10435);
insert into bstationpos (id,bstid,posnumber,pos_id) values (18,1,18,10436);
insert into bstationpos (id,bstid,posnumber,pos_id) values (19,1,19,10437);
insert into bstationpos (id,bstid,posnumber,pos_id) values (20,1,20,10438);
insert into bstationpos (id,bstid,posnumber,pos_id) values (21,1,21,10439);
insert into bstationpos (id,bstid,posnumber,pos_id) values (22,1,22,10440);
insert into bstationpos (id,bstid,posnumber,pos_id) values (23,1,23,10441);
insert into bstationpos (id,bstid,posnumber,pos_id) values (24,1,24,10442);
insert into bstationpos (id,bstid,posnumber,pos_id) values (25,1,25,10443);
insert into bstationpos (id,bstid,posnumber,pos_id) values (26,1,26,10444);
insert into bstationpos (id,bstid,posnumber,pos_id) values (27,1,27,10445);
insert into bstationpos (id,bstid,posnumber,pos_id) values (28,1,28,10446);
insert into bstationpos (id,bstid,posnumber,pos_id) values (29,1,29,10447);
insert into bstationpos (id,bstid,posnumber,pos_id) values (30,1,30,10448);
insert into bstationpos (id,bstid,posnumber,pos_id) values (31,1,31,10449);
insert into bstationpos (id,bstid,posnumber,pos_id) values (32,1,32,10450);
insert into bstationpos (id,bstid,posnumber,pos_id) values (33,1,33,10451);
insert into bstationpos (id,bstid,posnumber,pos_id) values (34,1,34,10452);
insert into bstationpos (id,bstid,posnumber,pos_id) values (35,1,35,10453);



insert into itinfo
(id,itname,ittype,runtime,runcap,p_id,q_id,tp_id,rcap_id,rpower_id,tpower_id,runstatus_id,itfact_id,ws_id,wv_id,itv_id)
values
(1,'IT0001','#9003A',1359705600,500,10070,10071,10072,10073,10074,10075,10077,10700,10800,10810,70600);

insert into itinfo
(id,itname,ittype,runtime,runcap,p_id,q_id,tp_id,rcap_id,rpower_id,tpower_id,runstatus_id,itfact_id,ws_id,wv_id,itv_id)
values
(2,'IT0002','#9003A',1359705600,500,10078,10079,10080,10081,10082,10083,10085,10701,10801,10811,70601);

insert into itinfo
(id,itname,ittype,runtime,runcap,p_id,q_id,tp_id,rcap_id,rpower_id,tpower_id,runstatus_id,itfact_id,ws_id,wv_id,itv_id)
values
(3,'IT0003','#9003A',1359705600,500,10086,10087,10088,10089,10090,10091,10093,10702,10802,10812,70602);

insert into itinfo
(id,itname,ittype,runtime,runcap,p_id,q_id,tp_id,rcap_id,rpower_id,tpower_id,runstatus_id,itfact_id,ws_id,wv_id,itv_id)
values
(4,'IT0004','#9003A',1359705600,500,10094,10095,10096,10097,10098,10099,10101,10703,10803,10813,70603);

insert into itinfo
(id,itname,ittype,runtime,runcap,p_id,q_id,tp_id,rcap_id,rpower_id,tpower_id,runstatus_id,itfact_id,ws_id,wv_id,itv_id)
values
(5,'IT0005','#9003A',1359705600,500,10102,10103,10104,10105,10106,10107,10109,10704,10804,10814,70604);

insert into itinfo
(id,itname,ittype,runtime,runcap,p_id,q_id,tp_id,rcap_id,rpower_id,tpower_id,runstatus_id,itfact_id,ws_id,wv_id,itv_id)
values
(6,'IT0006','#9003A',1359705600,500,10110,10111,10112,10113,10114,10115,10117,10705,10805,10815,70605);

insert into itinfo
(id,itname,ittype,runtime,runcap,p_id,q_id,tp_id,rcap_id,rpower_id,tpower_id,runstatus_id,itfact_id,ws_id,wv_id,itv_id)
values
(7,'IT0007','#9003A',1359705600,500,10118,10119,10120,10121,10122,10123,10125,10706,10806,10816,70606);

insert into itinfo
(id,itname,ittype,runtime,runcap,p_id,q_id,tp_id,rcap_id,rpower_id,tpower_id,runstatus_id,itfact_id,ws_id,wv_id,itv_id)
values
(8,'IT0008','#9003A',1359705600,500,10126,10127,10128,10129,10130,10131,10133,10707,10807,10817,70607);

insert into itinfo
(id,itname,ittype,runtime,runcap,p_id,q_id,tp_id,rcap_id,rpower_id,tpower_id,runstatus_id,itfact_id,ws_id,wv_id,itv_id)
values
(9,'IT0009','#9003A',1359705600,500,10134,10135,10136,10137,10138,10139,10141,10708,10808,10818,70608);

insert into itinfo
(id,itname,ittype,runtime,runcap,p_id,q_id,tp_id,rcap_id,rpower_id,tpower_id,runstatus_id,itfact_id,ws_id,wv_id,itv_id)
values
(10,'IT0010','#9003A',1359705600,500,10142,10143,10144,10145,10146,10147,10149,10709,10809,10819,70609);

insert into point(id,name,description,sourcetype,parenttype,parentid,pointtype,needarchive,artime,sntime,sndvalue,snivalue,arcdvalue,arcivalue,arcquality,snquality,timeout,cmpdev,cmpmintime,cmpmaxtime,ifalarm,alarmlevel,hlimit,llimit,alarmref) values(70600,'[IT0001]itv_id','【IT0001】逆变器电压',2,4,1,2,1,'','',0,'','','','',1,300,0.5,1,1200,2,1,10000,-10000,0);
insert into point(id,name,description,sourcetype,parenttype,parentid,pointtype,needarchive,artime,sntime,sndvalue,snivalue,arcdvalue,arcivalue,arcquality,snquality,timeout,cmpdev,cmpmintime,cmpmaxtime,ifalarm,alarmlevel,hlimit,llimit,alarmref) values(70601,'[IT0002]itv_id','【IT0002】逆变器电压',2,4,1,2,1,'','',0,'','','','',1,300,0.5,1,1200,2,1,10000,-10000,0);
insert into point(id,name,description,sourcetype,parenttype,parentid,pointtype,needarchive,artime,sntime,sndvalue,snivalue,arcdvalue,arcivalue,arcquality,snquality,timeout,cmpdev,cmpmintime,cmpmaxtime,ifalarm,alarmlevel,hlimit,llimit,alarmref) values(70602,'[IT0003]itv_id','【IT0003】逆变器电压',2,4,1,2,1,'','',0,'','','','',1,300,0.5,1,1200,2,1,10000,-10000,0);
insert into point(id,name,description,sourcetype,parenttype,parentid,pointtype,needarchive,artime,sntime,sndvalue,snivalue,arcdvalue,arcivalue,arcquality,snquality,timeout,cmpdev,cmpmintime,cmpmaxtime,ifalarm,alarmlevel,hlimit,llimit,alarmref) values(70603,'[IT0004]itv_id','【IT0004】逆变器电压',2,4,1,2,1,'','',0,'','','','',1,300,0.5,1,1200,2,1,10000,-10000,0);
insert into point(id,name,description,sourcetype,parenttype,parentid,pointtype,needarchive,artime,sntime,sndvalue,snivalue,arcdvalue,arcivalue,arcquality,snquality,timeout,cmpdev,cmpmintime,cmpmaxtime,ifalarm,alarmlevel,hlimit,llimit,alarmref) values(70604,'[IT0005]itv_id','【IT0005】逆变器电压',2,4,1,2,1,'','',0,'','','','',1,300,0.5,1,1200,2,1,10000,-10000,0);
insert into point(id,name,description,sourcetype,parenttype,parentid,pointtype,needarchive,artime,sntime,sndvalue,snivalue,arcdvalue,arcivalue,arcquality,snquality,timeout,cmpdev,cmpmintime,cmpmaxtime,ifalarm,alarmlevel,hlimit,llimit,alarmref) values(70605,'[IT0006]itv_id','【IT0006】逆变器电压',2,4,1,2,1,'','',0,'','','','',1,300,0.5,1,1200,2,1,10000,-10000,0);
insert into point(id,name,description,sourcetype,parenttype,parentid,pointtype,needarchive,artime,sntime,sndvalue,snivalue,arcdvalue,arcivalue,arcquality,snquality,timeout,cmpdev,cmpmintime,cmpmaxtime,ifalarm,alarmlevel,hlimit,llimit,alarmref) values(70606,'[IT0007]itv_id','【IT0007】逆变器电压',2,4,1,2,1,'','',0,'','','','',1,300,0.5,1,1200,2,1,10000,-10000,0);
insert into point(id,name,description,sourcetype,parenttype,parentid,pointtype,needarchive,artime,sntime,sndvalue,snivalue,arcdvalue,arcivalue,arcquality,snquality,timeout,cmpdev,cmpmintime,cmpmaxtime,ifalarm,alarmlevel,hlimit,llimit,alarmref) values(70607,'[IT0008]itv_id','【IT0008】逆变器电压',2,4,1,2,1,'','',0,'','','','',1,300,0.5,1,1200,2,1,10000,-10000,0);
insert into point(id,name,description,sourcetype,parenttype,parentid,pointtype,needarchive,artime,sntime,sndvalue,snivalue,arcdvalue,arcivalue,arcquality,snquality,timeout,cmpdev,cmpmintime,cmpmaxtime,ifalarm,alarmlevel,hlimit,llimit,alarmref) values(70608,'[IT0009]itv_id','【IT0009】逆变器电压',2,4,1,2,1,'','',0,'','','','',1,300,0.5,1,1200,2,1,10000,-10000,0);
insert into point(id,name,description,sourcetype,parenttype,parentid,pointtype,needarchive,artime,sntime,sndvalue,snivalue,arcdvalue,arcivalue,arcquality,snquality,timeout,cmpdev,cmpmintime,cmpmaxtime,ifalarm,alarmlevel,hlimit,llimit,alarmref) values(70609,'[IT0010]itv_id','【IT0010】逆变器电压',2,4,1,2,1,'','',0,'','','','',1,300,0.5,1,1200,2,1,10000,-10000,0);

insert into point(id,name,description,sourcetype,parenttype,parentid,pointtype,needarchive,artime,sntime,sndvalue,snivalue,arcdvalue,arcivalue,arcquality,snquality,timeout,cmpdev,cmpmintime,cmpmaxtime,ifalarm,alarmlevel,hlimit,llimit,alarmref) values(10700,'[IT0001]itinfo_itfact_id','【IT0001】逆变器功率因数 ',3,4,1,2,2,'','',0,'','','','',1,300,0.1,1,1200,2,1,10000,-10000,0);
insert into point(id,name,description,sourcetype,parenttype,parentid,pointtype,needarchive,artime,sntime,sndvalue,snivalue,arcdvalue,arcivalue,arcquality,snquality,timeout,cmpdev,cmpmintime,cmpmaxtime,ifalarm,alarmlevel,hlimit,llimit,alarmref) values(10701,'[IT0002]itinfo_itfact_id','【IT0002】逆变器功率因数 ',3,4,1,2,2,'','',0,'','','','',1,300,0.1,1,1200,2,1,10000,-10000,0);
insert into point(id,name,description,sourcetype,parenttype,parentid,pointtype,needarchive,artime,sntime,sndvalue,snivalue,arcdvalue,arcivalue,arcquality,snquality,timeout,cmpdev,cmpmintime,cmpmaxtime,ifalarm,alarmlevel,hlimit,llimit,alarmref) values(10702,'[IT0003]itinfo_itfact_id','【IT0003】逆变器功率因数 ',3,4,1,2,2,'','',0,'','','','',1,300,0.1,1,1200,2,1,10000,-10000,0);
insert into point(id,name,description,sourcetype,parenttype,parentid,pointtype,needarchive,artime,sntime,sndvalue,snivalue,arcdvalue,arcivalue,arcquality,snquality,timeout,cmpdev,cmpmintime,cmpmaxtime,ifalarm,alarmlevel,hlimit,llimit,alarmref) values(10703,'[IT0004]itinfo_itfact_id','【IT0004】逆变器功率因数 ',3,4,1,2,2,'','',0,'','','','',1,300,0.1,1,1200,2,1,10000,-10000,0);
insert into point(id,name,description,sourcetype,parenttype,parentid,pointtype,needarchive,artime,sntime,sndvalue,snivalue,arcdvalue,arcivalue,arcquality,snquality,timeout,cmpdev,cmpmintime,cmpmaxtime,ifalarm,alarmlevel,hlimit,llimit,alarmref) values(10704,'[IT0005]itinfo_itfact_id','【IT0005】逆变器功率因数 ',3,4,1,2,2,'','',0,'','','','',1,300,0.1,1,1200,2,1,10000,-10000,0);
insert into point(id,name,description,sourcetype,parenttype,parentid,pointtype,needarchive,artime,sntime,sndvalue,snivalue,arcdvalue,arcivalue,arcquality,snquality,timeout,cmpdev,cmpmintime,cmpmaxtime,ifalarm,alarmlevel,hlimit,llimit,alarmref) values(10705,'[IT0006]itinfo_itfact_id','【IT0006】逆变器功率因数 ',3,4,1,2,2,'','',0,'','','','',1,300,0.1,1,1200,2,1,10000,-10000,0);
insert into point(id,name,description,sourcetype,parenttype,parentid,pointtype,needarchive,artime,sntime,sndvalue,snivalue,arcdvalue,arcivalue,arcquality,snquality,timeout,cmpdev,cmpmintime,cmpmaxtime,ifalarm,alarmlevel,hlimit,llimit,alarmref) values(10706,'[IT0007]itinfo_itfact_id','【IT0007】逆变器功率因数 ',3,4,1,2,2,'','',0,'','','','',1,300,0.1,1,1200,2,1,10000,-10000,0);
insert into point(id,name,description,sourcetype,parenttype,parentid,pointtype,needarchive,artime,sntime,sndvalue,snivalue,arcdvalue,arcivalue,arcquality,snquality,timeout,cmpdev,cmpmintime,cmpmaxtime,ifalarm,alarmlevel,hlimit,llimit,alarmref) values(10707,'[IT0008]itinfo_itfact_id','【IT0008】逆变器功率因数 ',3,4,1,2,2,'','',0,'','','','',1,300,0.1,1,1200,2,1,10000,-10000,0);
insert into point(id,name,description,sourcetype,parenttype,parentid,pointtype,needarchive,artime,sntime,sndvalue,snivalue,arcdvalue,arcivalue,arcquality,snquality,timeout,cmpdev,cmpmintime,cmpmaxtime,ifalarm,alarmlevel,hlimit,llimit,alarmref) values(10708,'[IT0009]itinfo_itfact_id','【IT0009】逆变器功率因数 ',3,4,1,2,2,'','',0,'','','','',1,300,0.1,1,1200,2,1,10000,-10000,0);
insert into point(id,name,description,sourcetype,parenttype,parentid,pointtype,needarchive,artime,sntime,sndvalue,snivalue,arcdvalue,arcivalue,arcquality,snquality,timeout,cmpdev,cmpmintime,cmpmaxtime,ifalarm,alarmlevel,hlimit,llimit,alarmref) values(10709,'[IT0010]itinfo_itfact_id','【IT0010】逆变器功率因数 ',3,4,1,2,2,'','',0,'','','','',1,300,0.1,1,1200,2,1,10000,-10000,0);

insert into point(id,name,description,sourcetype,parenttype,parentid,pointtype,needarchive,artime,sntime,sndvalue,snivalue,arcdvalue,arcivalue,arcquality,snquality,timeout,cmpdev,cmpmintime,cmpmaxtime,ifalarm,alarmlevel,hlimit,llimit,alarmref) values(10800,'[IT0001]itinfo_ws_id','【IT0001】逆变器风速',2,1,1,2,2,'','',0,'','','','',1,300,1,1,1200,2,1,10000,-10000,0);
insert into point(id,name,description,sourcetype,parenttype,parentid,pointtype,needarchive,artime,sntime,sndvalue,snivalue,arcdvalue,arcivalue,arcquality,snquality,timeout,cmpdev,cmpmintime,cmpmaxtime,ifalarm,alarmlevel,hlimit,llimit,alarmref) values(10801,'[IT0002]itinfo_ws_id','【IT0002】逆变器风速',2,1,1,2,2,'','',0,'','','','',1,300,1,1,1200,2,1,10000,-10000,0);
insert into point(id,name,description,sourcetype,parenttype,parentid,pointtype,needarchive,artime,sntime,sndvalue,snivalue,arcdvalue,arcivalue,arcquality,snquality,timeout,cmpdev,cmpmintime,cmpmaxtime,ifalarm,alarmlevel,hlimit,llimit,alarmref) values(10802,'[IT0003]itinfo_ws_id','【IT0003】逆变器风速',2,1,1,2,2,'','',0,'','','','',1,300,1,1,1200,2,1,10000,-10000,0);
insert into point(id,name,description,sourcetype,parenttype,parentid,pointtype,needarchive,artime,sntime,sndvalue,snivalue,arcdvalue,arcivalue,arcquality,snquality,timeout,cmpdev,cmpmintime,cmpmaxtime,ifalarm,alarmlevel,hlimit,llimit,alarmref) values(10803,'[IT0004]itinfo_ws_id','【IT0004】逆变器风速',2,1,1,2,2,'','',0,'','','','',1,300,1,1,1200,2,1,10000,-10000,0);
insert into point(id,name,description,sourcetype,parenttype,parentid,pointtype,needarchive,artime,sntime,sndvalue,snivalue,arcdvalue,arcivalue,arcquality,snquality,timeout,cmpdev,cmpmintime,cmpmaxtime,ifalarm,alarmlevel,hlimit,llimit,alarmref) values(10804,'[IT0005]itinfo_ws_id','【IT0005】逆变器风速',2,1,1,2,2,'','',0,'','','','',1,300,1,1,1200,2,1,10000,-10000,0);
insert into point(id,name,description,sourcetype,parenttype,parentid,pointtype,needarchive,artime,sntime,sndvalue,snivalue,arcdvalue,arcivalue,arcquality,snquality,timeout,cmpdev,cmpmintime,cmpmaxtime,ifalarm,alarmlevel,hlimit,llimit,alarmref) values(10805,'[IT0006]itinfo_ws_id','【IT0006】逆变器风速',2,1,1,2,2,'','',0,'','','','',1,300,1,1,1200,2,1,10000,-10000,0);
insert into point(id,name,description,sourcetype,parenttype,parentid,pointtype,needarchive,artime,sntime,sndvalue,snivalue,arcdvalue,arcivalue,arcquality,snquality,timeout,cmpdev,cmpmintime,cmpmaxtime,ifalarm,alarmlevel,hlimit,llimit,alarmref) values(10806,'[IT0007]itinfo_ws_id','【IT0007】逆变器风速',2,1,1,2,2,'','',0,'','','','',1,300,1,1,1200,2,1,10000,-10000,0);
insert into point(id,name,description,sourcetype,parenttype,parentid,pointtype,needarchive,artime,sntime,sndvalue,snivalue,arcdvalue,arcivalue,arcquality,snquality,timeout,cmpdev,cmpmintime,cmpmaxtime,ifalarm,alarmlevel,hlimit,llimit,alarmref) values(10807,'[IT0008]itinfo_ws_id','【IT0008】逆变器风速',2,1,1,2,2,'','',0,'','','','',1,300,1,1,1200,2,1,10000,-10000,0);
insert into point(id,name,description,sourcetype,parenttype,parentid,pointtype,needarchive,artime,sntime,sndvalue,snivalue,arcdvalue,arcivalue,arcquality,snquality,timeout,cmpdev,cmpmintime,cmpmaxtime,ifalarm,alarmlevel,hlimit,llimit,alarmref) values(10808,'[IT0009]itinfo_ws_id','【IT0009】逆变器风速',2,1,1,2,2,'','',0,'','','','',1,300,1,1,1200,2,1,10000,-10000,0);
insert into point(id,name,description,sourcetype,parenttype,parentid,pointtype,needarchive,artime,sntime,sndvalue,snivalue,arcdvalue,arcivalue,arcquality,snquality,timeout,cmpdev,cmpmintime,cmpmaxtime,ifalarm,alarmlevel,hlimit,llimit,alarmref) values(10809,'[IT0010]itinfo_ws_id','【IT0010】逆变器风速',2,1,1,2,2,'','',0,'','','','',1,300,1,1,1200,2,1,10000,-10000,0);

insert into point(id,name,description,sourcetype,parenttype,parentid,pointtype,needarchive,artime,sntime,sndvalue,snivalue,arcdvalue,arcivalue,arcquality,snquality,timeout,cmpdev,cmpmintime,cmpmaxtime,ifalarm,alarmlevel,hlimit,llimit,alarmref) values(10810,'[IT0001]itinfo_wv_id','【IT0001】逆变器风向',2,1,1,2,2,'','',0,'','','','',1,300,1,1,1200,2,1,10000,-10000,0);
insert into point(id,name,description,sourcetype,parenttype,parentid,pointtype,needarchive,artime,sntime,sndvalue,snivalue,arcdvalue,arcivalue,arcquality,snquality,timeout,cmpdev,cmpmintime,cmpmaxtime,ifalarm,alarmlevel,hlimit,llimit,alarmref) values(10811,'[IT0002]itinfo_wv_id','【IT0002】逆变器风向',2,1,1,2,2,'','',0,'','','','',1,300,1,1,1200,2,1,10000,-10000,0);
insert into point(id,name,description,sourcetype,parenttype,parentid,pointtype,needarchive,artime,sntime,sndvalue,snivalue,arcdvalue,arcivalue,arcquality,snquality,timeout,cmpdev,cmpmintime,cmpmaxtime,ifalarm,alarmlevel,hlimit,llimit,alarmref) values(10812,'[IT0003]itinfo_wv_id','【IT0003】逆变器风向',2,1,1,2,2,'','',0,'','','','',1,300,1,1,1200,2,1,10000,-10000,0);
insert into point(id,name,description,sourcetype,parenttype,parentid,pointtype,needarchive,artime,sntime,sndvalue,snivalue,arcdvalue,arcivalue,arcquality,snquality,timeout,cmpdev,cmpmintime,cmpmaxtime,ifalarm,alarmlevel,hlimit,llimit,alarmref) values(10813,'[IT0004]itinfo_wv_id','【IT0004】逆变器风向',2,1,1,2,2,'','',0,'','','','',1,300,1,1,1200,2,1,10000,-10000,0);
insert into point(id,name,description,sourcetype,parenttype,parentid,pointtype,needarchive,artime,sntime,sndvalue,snivalue,arcdvalue,arcivalue,arcquality,snquality,timeout,cmpdev,cmpmintime,cmpmaxtime,ifalarm,alarmlevel,hlimit,llimit,alarmref) values(10814,'[IT0005]itinfo_wv_id','【IT0005】逆变器风向',2,1,1,2,2,'','',0,'','','','',1,300,1,1,1200,2,1,10000,-10000,0);
insert into point(id,name,description,sourcetype,parenttype,parentid,pointtype,needarchive,artime,sntime,sndvalue,snivalue,arcdvalue,arcivalue,arcquality,snquality,timeout,cmpdev,cmpmintime,cmpmaxtime,ifalarm,alarmlevel,hlimit,llimit,alarmref) values(10815,'[IT0006]itinfo_wv_id','【IT0006】逆变器风向',2,1,1,2,2,'','',0,'','','','',1,300,1,1,1200,2,1,10000,-10000,0);
insert into point(id,name,description,sourcetype,parenttype,parentid,pointtype,needarchive,artime,sntime,sndvalue,snivalue,arcdvalue,arcivalue,arcquality,snquality,timeout,cmpdev,cmpmintime,cmpmaxtime,ifalarm,alarmlevel,hlimit,llimit,alarmref) values(10816,'[IT0007]itinfo_wv_id','【IT0007】逆变器风向',2,1,1,2,2,'','',0,'','','','',1,300,1,1,1200,2,1,10000,-10000,0);
insert into point(id,name,description,sourcetype,parenttype,parentid,pointtype,needarchive,artime,sntime,sndvalue,snivalue,arcdvalue,arcivalue,arcquality,snquality,timeout,cmpdev,cmpmintime,cmpmaxtime,ifalarm,alarmlevel,hlimit,llimit,alarmref) values(10817,'[IT0008]itinfo_wv_id','【IT0008】逆变器风向',2,1,1,2,2,'','',0,'','','','',1,300,1,1,1200,2,1,10000,-10000,0);
insert into point(id,name,description,sourcetype,parenttype,parentid,pointtype,needarchive,artime,sntime,sndvalue,snivalue,arcdvalue,arcivalue,arcquality,snquality,timeout,cmpdev,cmpmintime,cmpmaxtime,ifalarm,alarmlevel,hlimit,llimit,alarmref) values(10818,'[IT0009]itinfo_wv_id','【IT0009】逆变器风向',2,1,1,2,2,'','',0,'','','','',1,300,1,1,1200,2,1,10000,-10000,0);
insert into point(id,name,description,sourcetype,parenttype,parentid,pointtype,needarchive,artime,sntime,sndvalue,snivalue,arcdvalue,arcivalue,arcquality,snquality,timeout,cmpdev,cmpmintime,cmpmaxtime,ifalarm,alarmlevel,hlimit,llimit,alarmref) values(10819,'[IT0010]itinfo_wv_id','【IT0010】逆变器风向',2,1,1,2,2,'','',0,'','','','',1,300,1,1,1200,2,1,10000,-10000,0);

insert into itavc
(itid,targetq_id,targetv_id,avccontype_id,qhlimit_id,qllimit_id,qdeadarea_id,adjmaxarea_id,avcintertime_id,
fminr_id,frace_id,targetfact_id,regulatetype_id,itmodstatus_id,itsfact_id,targetpf_id,contdotmod_id,dotmodstatus_id,vhlimit_id,vllimit_id)
values
(1,10150,70200,10152,10153,10154,10155,10156,10157,10158,10159,10370,10371,10406,10710,10720,10730,10740,70300,70301);

insert into itavc
(itid,targetq_id,targetv_id,avccontype_id,qhlimit_id,qllimit_id,qdeadarea_id,adjmaxarea_id,avcintertime_id,
fminr_id,frace_id,targetfact_id,regulatetype_id,itmodstatus_id,itsfact_id,targetpf_id,contdotmod_id,dotmodstatus_id,vhlimit_id,vllimit_id)
values
(2,10160,70201,10162,10163,10164,10165,10166,10167,10168,10169,10372,10373,10407,10711,10721,10731,10741,70302,70303);

insert into itavc
(itid,targetq_id,targetv_id,avccontype_id,qhlimit_id,qllimit_id,qdeadarea_id,adjmaxarea_id,avcintertime_id,
fminr_id,frace_id,targetfact_id,regulatetype_id,itmodstatus_id,itsfact_id,targetpf_id,contdotmod_id,dotmodstatus_id,vhlimit_id,vllimit_id)
values
(3,10170,70202,10172,10173,10174,10175,10176,10177,10178,10179,10374,10375,10408,10712,10722,10732,10742,70304,70305);

insert into itavc
(itid,targetq_id,targetv_id,avccontype_id,qhlimit_id,qllimit_id,qdeadarea_id,adjmaxarea_id,avcintertime_id,
fminr_id,frace_id,targetfact_id,regulatetype_id,itmodstatus_id,itsfact_id,targetpf_id,contdotmod_id,dotmodstatus_id,vhlimit_id,vllimit_id)
values
(4,10180,70203,10182,10183,10184,10185,10186,10187,10188,10189,10376,10377,10409,10713,10723,10733,10743,70306,70307);

insert into itavc
(itid,targetq_id,targetv_id,avccontype_id,qhlimit_id,qllimit_id,qdeadarea_id,adjmaxarea_id,avcintertime_id,
fminr_id,frace_id,targetfact_id,regulatetype_id,itmodstatus_id,itsfact_id,targetpf_id,contdotmod_id,dotmodstatus_id,vhlimit_id,vllimit_id)
values
(5,10190,70204,10192,10193,10194,10195,10196,10197,10198,10199,10378,10379,10410,10714,10724,10734,10744,70308,70309);

insert into itavc
(itid,targetq_id,targetv_id,avccontype_id,qhlimit_id,qllimit_id,qdeadarea_id,adjmaxarea_id,avcintertime_id,
fminr_id,frace_id,targetfact_id,regulatetype_id,itmodstatus_id,itsfact_id,targetpf_id,contdotmod_id,dotmodstatus_id,vhlimit_id,vllimit_id)
values
(6,10200,70205,10202,10203,10204,10205,10206,10207,10208,10209,10380,10381,10411,10715,10725,10735,10745,70310,70311);

insert into itavc
(itid,targetq_id,targetv_id,avccontype_id,qhlimit_id,qllimit_id,qdeadarea_id,adjmaxarea_id,avcintertime_id,
fminr_id,frace_id,targetfact_id,regulatetype_id,itmodstatus_id,itsfact_id,targetpf_id,contdotmod_id,dotmodstatus_id,vhlimit_id,vllimit_id)
values
(7,10210,70206,10212,10213,10214,10215,10216,10217,10218,10219,10382,10383,10412,10716,10726,10736,10746,70312,70313);

insert into itavc
(itid,targetq_id,targetv_id,avccontype_id,qhlimit_id,qllimit_id,qdeadarea_id,adjmaxarea_id,avcintertime_id,
fminr_id,frace_id,targetfact_id,regulatetype_id,itmodstatus_id,itsfact_id,targetpf_id,contdotmod_id,dotmodstatus_id,vhlimit_id,vllimit_id)
values
(8,10220,70207,10222,10223,10224,10225,10226,10227,10228,10229,10384,10385,10413,10717,10727,10737,10747,70314,70315);

insert into itavc
(itid,targetq_id,targetv_id,avccontype_id,qhlimit_id,qllimit_id,qdeadarea_id,adjmaxarea_id,avcintertime_id,
fminr_id,frace_id,targetfact_id,regulatetype_id,itmodstatus_id,itsfact_id,targetpf_id,contdotmod_id,dotmodstatus_id,vhlimit_id,vllimit_id)
values
(9,10230,70208,10232,10233,10234,10235,10236,10237,10238,10239,10386,10387,10414,10718,10728,10738,10748,70316,70317);

insert into itavc
(itid,targetq_id,targetv_id,avccontype_id,qhlimit_id,qllimit_id,qdeadarea_id,adjmaxarea_id,avcintertime_id,
fminr_id,frace_id,targetfact_id,regulatetype_id,itmodstatus_id,itsfact_id,targetpf_id,contdotmod_id,dotmodstatus_id,vhlimit_id,vllimit_id)
values
(10,10240,70209,10242,10243,10244,10245,10246,10247,10248,10249,10388,10389,10415,10719,10729,10739,10749,70318,70319);

insert into point(id,name,description,sourcetype,parenttype,parentid,pointtype,needarchive,artime,sntime,sndvalue,snivalue,arcdvalue,arcivalue,arcquality,snquality,timeout,cmpdev,cmpmintime,cmpmaxtime,ifalarm,alarmlevel,hlimit,llimit,alarmref) values(10740,'[IT0001]itavc_itmodstatus','【IT0001】逆变器工作模式状态',2,8,1,5,1,'','','',2,'','','',1,300,0.5,1,1200,2,1,10000,-10000,0);
insert into point(id,name,description,sourcetype,parenttype,parentid,pointtype,needarchive,artime,sntime,sndvalue,snivalue,arcdvalue,arcivalue,arcquality,snquality,timeout,cmpdev,cmpmintime,cmpmaxtime,ifalarm,alarmlevel,hlimit,llimit,alarmref) values(10741,'[IT0002]itavc_itmodstatus','【IT0002】逆变器工作模式状态',2,8,1,5,1,'','','',2,'','','',1,300,0.5,1,1200,2,1,10000,-10000,0);
insert into point(id,name,description,sourcetype,parenttype,parentid,pointtype,needarchive,artime,sntime,sndvalue,snivalue,arcdvalue,arcivalue,arcquality,snquality,timeout,cmpdev,cmpmintime,cmpmaxtime,ifalarm,alarmlevel,hlimit,llimit,alarmref) values(10742,'[IT0003]itavc_itmodstatus','【IT0003】逆变器工作模式状态',2,8,1,5,1,'','','',2,'','','',1,300,0.5,1,1200,2,1,10000,-10000,0);
insert into point(id,name,description,sourcetype,parenttype,parentid,pointtype,needarchive,artime,sntime,sndvalue,snivalue,arcdvalue,arcivalue,arcquality,snquality,timeout,cmpdev,cmpmintime,cmpmaxtime,ifalarm,alarmlevel,hlimit,llimit,alarmref) values(10743,'[IT0004]itavc_itmodstatus','【IT0004】逆变器工作模式状态',2,8,1,5,1,'','','',2,'','','',1,300,0.5,1,1200,2,1,10000,-10000,0);
insert into point(id,name,description,sourcetype,parenttype,parentid,pointtype,needarchive,artime,sntime,sndvalue,snivalue,arcdvalue,arcivalue,arcquality,snquality,timeout,cmpdev,cmpmintime,cmpmaxtime,ifalarm,alarmlevel,hlimit,llimit,alarmref) values(10744,'[IT0005]itavc_itmodstatus','【IT0005】逆变器工作模式状态',2,8,1,5,1,'','','',2,'','','',1,300,0.5,1,1200,2,1,10000,-10000,0);
insert into point(id,name,description,sourcetype,parenttype,parentid,pointtype,needarchive,artime,sntime,sndvalue,snivalue,arcdvalue,arcivalue,arcquality,snquality,timeout,cmpdev,cmpmintime,cmpmaxtime,ifalarm,alarmlevel,hlimit,llimit,alarmref) values(10745,'[IT0006]itavc_itmodstatus','【IT0006】逆变器工作模式状态',2,8,1,5,1,'','','',2,'','','',1,300,0.5,1,1200,2,1,10000,-10000,0);
insert into point(id,name,description,sourcetype,parenttype,parentid,pointtype,needarchive,artime,sntime,sndvalue,snivalue,arcdvalue,arcivalue,arcquality,snquality,timeout,cmpdev,cmpmintime,cmpmaxtime,ifalarm,alarmlevel,hlimit,llimit,alarmref) values(10746,'[IT0007]itavc_itmodstatus','【IT0007】逆变器工作模式状态',2,8,1,5,1,'','','',2,'','','',1,300,0.5,1,1200,2,1,10000,-10000,0);
insert into point(id,name,description,sourcetype,parenttype,parentid,pointtype,needarchive,artime,sntime,sndvalue,snivalue,arcdvalue,arcivalue,arcquality,snquality,timeout,cmpdev,cmpmintime,cmpmaxtime,ifalarm,alarmlevel,hlimit,llimit,alarmref) values(10747,'[IT0008]itavc_itmodstatus','【IT0008】逆变器工作模式状态',2,8,1,5,1,'','','',2,'','','',1,300,0.5,1,1200,2,1,10000,-10000,0);
insert into point(id,name,description,sourcetype,parenttype,parentid,pointtype,needarchive,artime,sntime,sndvalue,snivalue,arcdvalue,arcivalue,arcquality,snquality,timeout,cmpdev,cmpmintime,cmpmaxtime,ifalarm,alarmlevel,hlimit,llimit,alarmref) values(10748,'[IT0009]itavc_itmodstatus','【IT0009】逆变器工作模式状态',2,8,1,5,1,'','','',2,'','','',1,300,0.5,1,1200,2,1,10000,-10000,0);
insert into point(id,name,description,sourcetype,parenttype,parentid,pointtype,needarchive,artime,sntime,sndvalue,snivalue,arcdvalue,arcivalue,arcquality,snquality,timeout,cmpdev,cmpmintime,cmpmaxtime,ifalarm,alarmlevel,hlimit,llimit,alarmref) values(10749,'[IT0010]itavc_itmodstatus','【IT0010】逆变器工作模式状态',2,8,1,5,1,'','','',2,'','','',1,300,0.5,1,1200,2,1,10000,-10000,0);

insert into point(id,name,description,sourcetype,parenttype,parentid,pointtype,needarchive,artime,sntime,sndvalue,snivalue,arcdvalue,arcivalue,arcquality,snquality,timeout,cmpdev,cmpmintime,cmpmaxtime,ifalarm,alarmlevel,hlimit,llimit,alarmref) values(10710,'[IT0001]itavc_itsfact_id','【IT0001】逆变器功率因数配置 ',0,5,1,2,1,'','',0.9,'','','','',1,300,0.1,1,1200,2,1,10000,-10000,0);
insert into point(id,name,description,sourcetype,parenttype,parentid,pointtype,needarchive,artime,sntime,sndvalue,snivalue,arcdvalue,arcivalue,arcquality,snquality,timeout,cmpdev,cmpmintime,cmpmaxtime,ifalarm,alarmlevel,hlimit,llimit,alarmref) values(10711,'[IT0002]itavc_itsfact_id','【IT0002】逆变器功率因数配置 ',0,5,1,2,1,'','',0.9,'','','','',1,300,0.1,1,1200,2,1,10000,-10000,0);
insert into point(id,name,description,sourcetype,parenttype,parentid,pointtype,needarchive,artime,sntime,sndvalue,snivalue,arcdvalue,arcivalue,arcquality,snquality,timeout,cmpdev,cmpmintime,cmpmaxtime,ifalarm,alarmlevel,hlimit,llimit,alarmref) values(10712,'[IT0003]itavc_itsfact_id','【IT0003】逆变器功率因数配置 ',0,5,1,2,1,'','',0.9,'','','','',1,300,0.1,1,1200,2,1,10000,-10000,0);
insert into point(id,name,description,sourcetype,parenttype,parentid,pointtype,needarchive,artime,sntime,sndvalue,snivalue,arcdvalue,arcivalue,arcquality,snquality,timeout,cmpdev,cmpmintime,cmpmaxtime,ifalarm,alarmlevel,hlimit,llimit,alarmref) values(10713,'[IT0004]itavc_itsfact_id','【IT0004】逆变器功率因数配置 ',0,5,1,2,1,'','',0.9,'','','','',1,300,0.1,1,1200,2,1,10000,-10000,0);
insert into point(id,name,description,sourcetype,parenttype,parentid,pointtype,needarchive,artime,sntime,sndvalue,snivalue,arcdvalue,arcivalue,arcquality,snquality,timeout,cmpdev,cmpmintime,cmpmaxtime,ifalarm,alarmlevel,hlimit,llimit,alarmref) values(10714,'[IT0005]itavc_itsfact_id','【IT0005】逆变器功率因数配置 ',0,5,1,2,1,'','',0.9,'','','','',1,300,0.1,1,1200,2,1,10000,-10000,0);
insert into point(id,name,description,sourcetype,parenttype,parentid,pointtype,needarchive,artime,sntime,sndvalue,snivalue,arcdvalue,arcivalue,arcquality,snquality,timeout,cmpdev,cmpmintime,cmpmaxtime,ifalarm,alarmlevel,hlimit,llimit,alarmref) values(10715,'[IT0006]itavc_itsfact_id','【IT0006】逆变器功率因数配置 ',0,5,1,2,1,'','',0.9,'','','','',1,300,0.1,1,1200,2,1,10000,-10000,0);
insert into point(id,name,description,sourcetype,parenttype,parentid,pointtype,needarchive,artime,sntime,sndvalue,snivalue,arcdvalue,arcivalue,arcquality,snquality,timeout,cmpdev,cmpmintime,cmpmaxtime,ifalarm,alarmlevel,hlimit,llimit,alarmref) values(10716,'[IT0007]itavc_itsfact_id','【IT0007】逆变器功率因数配置 ',0,5,1,2,1,'','',0.9,'','','','',1,300,0.1,1,1200,2,1,10000,-10000,0);
insert into point(id,name,description,sourcetype,parenttype,parentid,pointtype,needarchive,artime,sntime,sndvalue,snivalue,arcdvalue,arcivalue,arcquality,snquality,timeout,cmpdev,cmpmintime,cmpmaxtime,ifalarm,alarmlevel,hlimit,llimit,alarmref) values(10717,'[IT0008]itavc_itsfact_id','【IT0008】逆变器功率因数配置 ',0,5,1,2,1,'','',0.9,'','','','',1,300,0.1,1,1200,2,1,10000,-10000,0);
insert into point(id,name,description,sourcetype,parenttype,parentid,pointtype,needarchive,artime,sntime,sndvalue,snivalue,arcdvalue,arcivalue,arcquality,snquality,timeout,cmpdev,cmpmintime,cmpmaxtime,ifalarm,alarmlevel,hlimit,llimit,alarmref) values(10718,'[IT0009]itavc_itsfact_id','【IT0009】逆变器功率因数配置 ',0,5,1,2,1,'','',0.9,'','','','',1,300,0.1,1,1200,2,1,10000,-10000,0);
insert into point(id,name,description,sourcetype,parenttype,parentid,pointtype,needarchive,artime,sntime,sndvalue,snivalue,arcdvalue,arcivalue,arcquality,snquality,timeout,cmpdev,cmpmintime,cmpmaxtime,ifalarm,alarmlevel,hlimit,llimit,alarmref) values(10719,'[IT0010]itavc_itsfact_id','【IT0010】逆变器功率因数配置 ',0,5,1,2,1,'','',0.9,'','','','',1,300,0.1,1,1200,2,1,10000,-10000,0);

insert into point(id,name,description,sourcetype,parenttype,parentid,pointtype,needarchive,artime,sntime,sndvalue,snivalue,arcdvalue,arcivalue,arcquality,snquality,timeout,cmpdev,cmpmintime,cmpmaxtime,ifalarm,alarmlevel,hlimit,llimit,alarmref) values(10720,'[IT0001]itavc_targetpf_id','【IT0001】逆变器avc目标功率因数值',0,5,1,4,1,'','',0,'','','','',1,300,0.1,1,1200,2,1,10000,-10000,0);
insert into point(id,name,description,sourcetype,parenttype,parentid,pointtype,needarchive,artime,sntime,sndvalue,snivalue,arcdvalue,arcivalue,arcquality,snquality,timeout,cmpdev,cmpmintime,cmpmaxtime,ifalarm,alarmlevel,hlimit,llimit,alarmref) values(10721,'[IT0002]itavc_targetpf_id','【IT0002】逆变器avc目标功率因数值',0,5,1,4,1,'','',0,'','','','',1,300,0.1,1,1200,2,1,10000,-10000,0);
insert into point(id,name,description,sourcetype,parenttype,parentid,pointtype,needarchive,artime,sntime,sndvalue,snivalue,arcdvalue,arcivalue,arcquality,snquality,timeout,cmpdev,cmpmintime,cmpmaxtime,ifalarm,alarmlevel,hlimit,llimit,alarmref) values(10722,'[IT0003]itavc_targetpf_id','【IT0003】逆变器avc目标功率因数值',0,5,1,4,1,'','',0,'','','','',1,300,0.1,1,1200,2,1,10000,-10000,0);
insert into point(id,name,description,sourcetype,parenttype,parentid,pointtype,needarchive,artime,sntime,sndvalue,snivalue,arcdvalue,arcivalue,arcquality,snquality,timeout,cmpdev,cmpmintime,cmpmaxtime,ifalarm,alarmlevel,hlimit,llimit,alarmref) values(10723,'[IT0004]itavc_targetpf_id','【IT0004】逆变器avc目标功率因数值',0,5,1,4,1,'','',0,'','','','',1,300,0.1,1,1200,2,1,10000,-10000,0);
insert into point(id,name,description,sourcetype,parenttype,parentid,pointtype,needarchive,artime,sntime,sndvalue,snivalue,arcdvalue,arcivalue,arcquality,snquality,timeout,cmpdev,cmpmintime,cmpmaxtime,ifalarm,alarmlevel,hlimit,llimit,alarmref) values(10724,'[IT0005]itavc_targetpf_id','【IT0005】逆变器avc目标功率因数值',0,5,1,4,1,'','',0,'','','','',1,300,0.1,1,1200,2,1,10000,-10000,0);
insert into point(id,name,description,sourcetype,parenttype,parentid,pointtype,needarchive,artime,sntime,sndvalue,snivalue,arcdvalue,arcivalue,arcquality,snquality,timeout,cmpdev,cmpmintime,cmpmaxtime,ifalarm,alarmlevel,hlimit,llimit,alarmref) values(10725,'[IT0006]itavc_targetpf_id','【IT0006】逆变器avc目标功率因数值',0,5,1,4,1,'','',0,'','','','',1,300,0.1,1,1200,2,1,10000,-10000,0);
insert into point(id,name,description,sourcetype,parenttype,parentid,pointtype,needarchive,artime,sntime,sndvalue,snivalue,arcdvalue,arcivalue,arcquality,snquality,timeout,cmpdev,cmpmintime,cmpmaxtime,ifalarm,alarmlevel,hlimit,llimit,alarmref) values(10726,'[IT0007]itavc_targetpf_id','【IT0007】逆变器avc目标功率因数值',0,5,1,4,1,'','',0,'','','','',1,300,0.1,1,1200,2,1,10000,-10000,0);
insert into point(id,name,description,sourcetype,parenttype,parentid,pointtype,needarchive,artime,sntime,sndvalue,snivalue,arcdvalue,arcivalue,arcquality,snquality,timeout,cmpdev,cmpmintime,cmpmaxtime,ifalarm,alarmlevel,hlimit,llimit,alarmref) values(10727,'[IT0008]itavc_targetpf_id','【IT0008】逆变器avc目标功率因数值',0,5,1,4,1,'','',0,'','','','',1,300,0.1,1,1200,2,1,10000,-10000,0);
insert into point(id,name,description,sourcetype,parenttype,parentid,pointtype,needarchive,artime,sntime,sndvalue,snivalue,arcdvalue,arcivalue,arcquality,snquality,timeout,cmpdev,cmpmintime,cmpmaxtime,ifalarm,alarmlevel,hlimit,llimit,alarmref) values(10728,'[IT0009]itavc_targetpf_id','【IT0009】逆变器avc目标功率因数值',0,5,1,4,1,'','',0,'','','','',1,300,0.1,1,1200,2,1,10000,-10000,0);
insert into point(id,name,description,sourcetype,parenttype,parentid,pointtype,needarchive,artime,sntime,sndvalue,snivalue,arcdvalue,arcivalue,arcquality,snquality,timeout,cmpdev,cmpmintime,cmpmaxtime,ifalarm,alarmlevel,hlimit,llimit,alarmref) values(10729,'[IT0010]itavc_targetpf_id','【IT0010】逆变器avc目标功率因数值',0,5,1,4,1,'','',0,'','','','',1,300,0.1,1,1200,2,1,10000,-10000,0);

insert into point(id,name,description,sourcetype,parenttype,parentid,pointtype,needarchive,artime,sntime,sndvalue,snivalue,arcdvalue,arcivalue,arcquality,snquality,timeout,cmpdev,cmpmintime,cmpmaxtime,ifalarm,alarmlevel,hlimit,llimit,alarmref) values(10730,'[IT0001]itavc_contdotmod','逆变器控制模式',3,10,1,3,1,'','','',2,'','','',1,300,0.5,1,1200,2,1,10000,-10000,0);
insert into point(id,name,description,sourcetype,parenttype,parentid,pointtype,needarchive,artime,sntime,sndvalue,snivalue,arcdvalue,arcivalue,arcquality,snquality,timeout,cmpdev,cmpmintime,cmpmaxtime,ifalarm,alarmlevel,hlimit,llimit,alarmref) values(10731,'[IT0002]itavc_contdotmod','逆变器控制模式',3,10,1,3,1,'','','',2,'','','',1,300,0.5,1,1200,2,1,10000,-10000,0);
insert into point(id,name,description,sourcetype,parenttype,parentid,pointtype,needarchive,artime,sntime,sndvalue,snivalue,arcdvalue,arcivalue,arcquality,snquality,timeout,cmpdev,cmpmintime,cmpmaxtime,ifalarm,alarmlevel,hlimit,llimit,alarmref) values(10732,'[IT0003]itavc_contdotmod','逆变器控制模式',3,10,1,3,1,'','','',2,'','','',1,300,0.5,1,1200,2,1,10000,-10000,0);
insert into point(id,name,description,sourcetype,parenttype,parentid,pointtype,needarchive,artime,sntime,sndvalue,snivalue,arcdvalue,arcivalue,arcquality,snquality,timeout,cmpdev,cmpmintime,cmpmaxtime,ifalarm,alarmlevel,hlimit,llimit,alarmref) values(10733,'[IT0004]itavc_contdotmod','逆变器控制模式',3,10,1,3,1,'','','',2,'','','',1,300,0.5,1,1200,2,1,10000,-10000,0);
insert into point(id,name,description,sourcetype,parenttype,parentid,pointtype,needarchive,artime,sntime,sndvalue,snivalue,arcdvalue,arcivalue,arcquality,snquality,timeout,cmpdev,cmpmintime,cmpmaxtime,ifalarm,alarmlevel,hlimit,llimit,alarmref) values(10734,'[IT0005]itavc_contdotmod','逆变器控制模式',3,10,1,3,1,'','','',2,'','','',1,300,0.5,1,1200,2,1,10000,-10000,0);
insert into point(id,name,description,sourcetype,parenttype,parentid,pointtype,needarchive,artime,sntime,sndvalue,snivalue,arcdvalue,arcivalue,arcquality,snquality,timeout,cmpdev,cmpmintime,cmpmaxtime,ifalarm,alarmlevel,hlimit,llimit,alarmref) values(10735,'[IT0006]itavc_contdotmod','逆变器控制模式',3,10,1,3,1,'','','',2,'','','',1,300,0.5,1,1200,2,1,10000,-10000,0);
insert into point(id,name,description,sourcetype,parenttype,parentid,pointtype,needarchive,artime,sntime,sndvalue,snivalue,arcdvalue,arcivalue,arcquality,snquality,timeout,cmpdev,cmpmintime,cmpmaxtime,ifalarm,alarmlevel,hlimit,llimit,alarmref) values(10736,'[IT0007]itavc_contdotmod','逆变器控制模式',3,10,1,3,1,'','','',2,'','','',1,300,0.5,1,1200,2,1,10000,-10000,0);
insert into point(id,name,description,sourcetype,parenttype,parentid,pointtype,needarchive,artime,sntime,sndvalue,snivalue,arcdvalue,arcivalue,arcquality,snquality,timeout,cmpdev,cmpmintime,cmpmaxtime,ifalarm,alarmlevel,hlimit,llimit,alarmref) values(10737,'[IT0008]itavc_contdotmod','逆变器控制模式',3,10,1,3,1,'','','',2,'','','',1,300,0.5,1,1200,2,1,10000,-10000,0);
insert into point(id,name,description,sourcetype,parenttype,parentid,pointtype,needarchive,artime,sntime,sndvalue,snivalue,arcdvalue,arcivalue,arcquality,snquality,timeout,cmpdev,cmpmintime,cmpmaxtime,ifalarm,alarmlevel,hlimit,llimit,alarmref) values(10738,'[IT0009]itavc_contdotmod','逆变器控制模式',3,10,1,3,1,'','','',2,'','','',1,300,0.5,1,1200,2,1,10000,-10000,0);
insert into point(id,name,description,sourcetype,parenttype,parentid,pointtype,needarchive,artime,sntime,sndvalue,snivalue,arcdvalue,arcivalue,arcquality,snquality,timeout,cmpdev,cmpmintime,cmpmaxtime,ifalarm,alarmlevel,hlimit,llimit,alarmref) values(10739,'[IT0010]itavc_contdotmod','逆变器控制模式',3,10,1,3,1,'','','',2,'','','',1,300,0.5,1,1200,2,1,10000,-10000,0);

insert into point(id,name,description,sourcetype,parenttype,parentid,pointtype,needarchive,artime,sntime,sndvalue,snivalue,arcdvalue,arcivalue,arcquality,snquality,timeout,cmpdev,cmpmintime,cmpmaxtime,ifalarm,alarmlevel,hlimit,llimit,alarmref) values(70040,'[IT0001]itavc_dotmodstatus','逆变器模式状态',3,10,1,3,1,'','','',2,'','','',1,300,0.5,1,1200,2,1,10000,-10000,0);
insert into point(id,name,description,sourcetype,parenttype,parentid,pointtype,needarchive,artime,sntime,sndvalue,snivalue,arcdvalue,arcivalue,arcquality,snquality,timeout,cmpdev,cmpmintime,cmpmaxtime,ifalarm,alarmlevel,hlimit,llimit,alarmref) values(70041,'[IT0002]itavc_dotmodstatus','逆变器模式状态',3,10,1,3,1,'','','',2,'','','',1,300,0.5,1,1200,2,1,10000,-10000,0);
insert into point(id,name,description,sourcetype,parenttype,parentid,pointtype,needarchive,artime,sntime,sndvalue,snivalue,arcdvalue,arcivalue,arcquality,snquality,timeout,cmpdev,cmpmintime,cmpmaxtime,ifalarm,alarmlevel,hlimit,llimit,alarmref) values(70042,'[IT0003]itavc_dotmodstatus','逆变器模式状态',3,10,1,3,1,'','','',2,'','','',1,300,0.5,1,1200,2,1,10000,-10000,0);
insert into point(id,name,description,sourcetype,parenttype,parentid,pointtype,needarchive,artime,sntime,sndvalue,snivalue,arcdvalue,arcivalue,arcquality,snquality,timeout,cmpdev,cmpmintime,cmpmaxtime,ifalarm,alarmlevel,hlimit,llimit,alarmref) values(70043,'[IT0004]itavc_dotmodstatus','逆变器模式状态',3,10,1,3,1,'','','',2,'','','',1,300,0.5,1,1200,2,1,10000,-10000,0);
insert into point(id,name,description,sourcetype,parenttype,parentid,pointtype,needarchive,artime,sntime,sndvalue,snivalue,arcdvalue,arcivalue,arcquality,snquality,timeout,cmpdev,cmpmintime,cmpmaxtime,ifalarm,alarmlevel,hlimit,llimit,alarmref) values(70044,'[IT0005]itavc_dotmodstatus','逆变器模式状态',3,10,1,3,1,'','','',2,'','','',1,300,0.5,1,1200,2,1,10000,-10000,0);
insert into point(id,name,description,sourcetype,parenttype,parentid,pointtype,needarchive,artime,sntime,sndvalue,snivalue,arcdvalue,arcivalue,arcquality,snquality,timeout,cmpdev,cmpmintime,cmpmaxtime,ifalarm,alarmlevel,hlimit,llimit,alarmref) values(70045,'[IT0006]itavc_dotmodstatus','逆变器模式状态',3,10,1,3,1,'','','',2,'','','',1,300,0.5,1,1200,2,1,10000,-10000,0);
insert into point(id,name,description,sourcetype,parenttype,parentid,pointtype,needarchive,artime,sntime,sndvalue,snivalue,arcdvalue,arcivalue,arcquality,snquality,timeout,cmpdev,cmpmintime,cmpmaxtime,ifalarm,alarmlevel,hlimit,llimit,alarmref) values(70046,'[IT0007]itavc_dotmodstatus','逆变器模式状态',3,10,1,3,1,'','','',2,'','','',1,300,0.5,1,1200,2,1,10000,-10000,0);
insert into point(id,name,description,sourcetype,parenttype,parentid,pointtype,needarchive,artime,sntime,sndvalue,snivalue,arcdvalue,arcivalue,arcquality,snquality,timeout,cmpdev,cmpmintime,cmpmaxtime,ifalarm,alarmlevel,hlimit,llimit,alarmref) values(70047,'[IT0008]itavc_dotmodstatus','逆变器模式状态',3,10,1,3,1,'','','',2,'','','',1,300,0.5,1,1200,2,1,10000,-10000,0);
insert into point(id,name,description,sourcetype,parenttype,parentid,pointtype,needarchive,artime,sntime,sndvalue,snivalue,arcdvalue,arcivalue,arcquality,snquality,timeout,cmpdev,cmpmintime,cmpmaxtime,ifalarm,alarmlevel,hlimit,llimit,alarmref) values(70048,'[IT0009]itavc_dotmodstatus','逆变器模式状态',3,10,1,3,1,'','','',2,'','','',1,300,0.5,1,1200,2,1,10000,-10000,0);
insert into point(id,name,description,sourcetype,parenttype,parentid,pointtype,needarchive,artime,sntime,sndvalue,snivalue,arcdvalue,arcivalue,arcquality,snquality,timeout,cmpdev,cmpmintime,cmpmaxtime,ifalarm,alarmlevel,hlimit,llimit,alarmref) values(70049,'[IT0010]itavc_dotmodstatus','逆变器模式状态',3,10,1,3,1,'','','',2,'','','',1,300,0.5,1,1200,2,1,10000,-10000,0);

insert into itagc
(itid,targetp_id,conintertime_id,phlimit_id,pllimit_id,pdeadarea_id,fprocmax_id,
itmodstatus_id,start_id,ashutdown_id)
values
(1,10250,10252,10253,10254,10257,10258,10396,10500,10501);

insert into itagc
(itid,targetp_id,conintertime_id,phlimit_id,pllimit_id,pdeadarea_id,fprocmax_id,
itmodstatus_id,start_id,ashutdown_id)
values
(2,10262,10264,10265,10266,10269,10270,10397,10502,10503);

insert into itagc
(itid,targetp_id,conintertime_id,phlimit_id,pllimit_id,pdeadarea_id,fprocmax_id,
itmodstatus_id,start_id,ashutdown_id)
values
(3,10274,10276,10277,10278,10281,10282,10398,10504,10505);

insert into itagc
(itid,targetp_id,conintertime_id,phlimit_id,pllimit_id,pdeadarea_id,fprocmax_id,
itmodstatus_id,start_id,ashutdown_id)
values
(4,10286,10288,10289,10290,10293,10294,10399,10506,10507);

insert into itagc
(itid,targetp_id,conintertime_id,phlimit_id,pllimit_id,pdeadarea_id,fprocmax_id,
itmodstatus_id,start_id,ashutdown_id)
values
(5,10298,10300,10301,10302,10305,10306,10400,10508,10509);

insert into itagc
(itid,targetp_id,conintertime_id,phlimit_id,pllimit_id,pdeadarea_id,fprocmax_id,
itmodstatus_id,start_id,ashutdown_id)
values
(6,10310,10312,10313,10314,10317,10318,10401,10510,10511);

insert into itagc
(itid,targetp_id,conintertime_id,phlimit_id,pllimit_id,pdeadarea_id,fprocmax_id,
itmodstatus_id,start_id,ashutdown_id)
values
(7,10322,10324,10325,10326,10329,10330,10402,10512,10513);

insert into itagc
(itid,targetp_id,conintertime_id,phlimit_id,pllimit_id,pdeadarea_id,fprocmax_id,
itmodstatus_id,start_id,ashutdown_id)
values
(8,10334,10336,10337,10338,10341,10342,10403,10514,10515);

insert into itagc
(itid,targetp_id,conintertime_id,phlimit_id,pllimit_id,pdeadarea_id,fprocmax_id,
itmodstatus_id,start_id,ashutdown_id)
values
(9,10346,10348,10349,10350,10353,10354,10404,10516,10517);

insert into itagc
(itid,targetp_id,conintertime_id,phlimit_id,pllimit_id,pdeadarea_id,fprocmax_id,
itmodstatus_id,start_id,ashutdown_id)
values
(10,10358,10360,10361,10362,10365,10366,10405,10518,10519);



insert into point(id,name,description,sourcetype,parenttype,parentid,pointtype,needarchive,artime,sntime,sndvalue,snivalue,arcdvalue,arcivalue,arcquality,snquality,timeout,cmpdev,cmpmintime,cmpmaxtime,ifalarm,alarmlevel,hlimit,llimit,alarmref) values(1,'[国能日新]farminfo_p','【国能日新】电场升压站高压侧总有功',2,1,1,2,1,'','',0,'','','','',1,300,0.1,1,1200,2,1,10000,-10000,0);
insert into point(id,name,description,sourcetype,parenttype,parentid,pointtype,needarchive,artime,sntime,sndvalue,snivalue,arcdvalue,arcivalue,arcquality,snquality,timeout,cmpdev,cmpmintime,cmpmaxtime,ifalarm,alarmlevel,hlimit,llimit,alarmref) values(2,'[国能日新]farminfo_q','【国能日新】电场升压站高压侧总无功',2,1,1,2,1,'','',0,'','','','',1,300,0.5,1,1200,2,1,10000,-10000,0);
insert into point(id,name,description,sourcetype,parenttype,parentid,pointtype,needarchive,artime,sntime,sndvalue,snivalue,arcdvalue,arcivalue,arcquality,snquality,timeout,cmpdev,cmpmintime,cmpmaxtime,ifalarm,alarmlevel,hlimit,llimit,alarmref) values(3,'[国能日新]farminfo_busrtv','【国能日新】电场母线电压实时值',2,1,1,2,1,'','',0,'','','','',1,300,0.1,1,1200,2,1,10000,-10000,0);
insert into point(id,name,description,sourcetype,parenttype,parentid,pointtype,needarchive,artime,sntime,sndvalue,snivalue,arcdvalue,arcivalue,arcquality,snquality,timeout,cmpdev,cmpmintime,cmpmaxtime,ifalarm,alarmlevel,hlimit,llimit,alarmref) values(4,'[国能日新]farminfo_busri','【国能日新】电场母线电流实时值',2,1,1,2,1,'','',0,'','','','',1,300,0.5,1,1200,2,1,10000,-10000,0);
insert into point(id,name,description,sourcetype,parenttype,parentid,pointtype,needarchive,artime,sntime,sndvalue,snivalue,arcdvalue,arcivalue,arcquality,snquality,timeout,cmpdev,cmpmintime,cmpmaxtime,ifalarm,alarmlevel,hlimit,llimit,alarmref) values(5,'[国能日新]farminfo_fusev','【国能日新】电场场用电压实时值',2,1,1,2,1,'','',0,'','','','',1,300,0.5,1,1200,2,1,10000,-10000,0);
insert into point(id,name,description,sourcetype,parenttype,parentid,pointtype,needarchive,artime,sntime,sndvalue,snivalue,arcdvalue,arcivalue,arcquality,snquality,timeout,cmpdev,cmpmintime,cmpmaxtime,ifalarm,alarmlevel,hlimit,llimit,alarmref) values(6,'[国能日新]farminfo_fchildv','【国能日新】电场35KV电压实时值',2,1,1,2,1,'','',0,'','','','',1,300,0.5,1,1200,2,1,10000,-10000,0);
insert into point(id,name,description,sourcetype,parenttype,parentid,pointtype,needarchive,artime,sntime,sndvalue,snivalue,arcdvalue,arcivalue,arcquality,snquality,timeout,cmpdev,cmpmintime,cmpmaxtime,ifalarm,alarmlevel,hlimit,llimit,alarmref) values(7,'[国能日新]farminfo_farmsump','【国能日新】电场逆变器总有功',4,1,1,2,1,'','',0,'','','','',1,300,0.5,1,1200,2,1,10000,-10000,0);
insert into point(id,name,description,sourcetype,parenttype,parentid,pointtype,needarchive,artime,sntime,sndvalue,snivalue,arcdvalue,arcivalue,arcquality,snquality,timeout,cmpdev,cmpmintime,cmpmaxtime,ifalarm,alarmlevel,hlimit,llimit,alarmref) values(8,'[国能日新]farminfo_farmsumq','【国能日新】电场逆变器总无功',4,1,1,2,1,'','',0,'','','','',1,300,0.5,1,1200,2,1,10000,-10000,0);
insert into point(id,name,description,sourcetype,parenttype,parentid,pointtype,needarchive,artime,sntime,sndvalue,snivalue,arcdvalue,arcivalue,arcquality,snquality,timeout,cmpdev,cmpmintime,cmpmaxtime,ifalarm,alarmlevel,hlimit,llimit,alarmref) values(9,'[国能日新]farminfo_wsavg','【国能日新】电场平均风速',2,1,1,2,1,'','',0,'','','','',1,300,0.5,1,1200,2,1,10000,-10000,0);
insert into point(id,name,description,sourcetype,parenttype,parentid,pointtype,needarchive,artime,sntime,sndvalue,snivalue,arcdvalue,arcivalue,arcquality,snquality,timeout,cmpdev,cmpmintime,cmpmaxtime,ifalarm,alarmlevel,hlimit,llimit,alarmref) values(10,'[国能日新]farminfo_wvavg','【国能日新】电场平均风向',2,1,1,2,1,'','',0,'','','','',1,300,0.5,1,1200,2,1,10000,-10000,0);
insert into point(id,name,description,sourcetype,parenttype,parentid,pointtype,needarchive,artime,sntime,sndvalue,snivalue,arcdvalue,arcivalue,arcquality,snquality,timeout,cmpdev,cmpmintime,cmpmaxtime,ifalarm,alarmlevel,hlimit,llimit,alarmref) values(11,'[国能日新]farminfo_irradiance','【国能日新】电场辐照度',2,1,1,2,1,'','',0,'','','','',1,300,0.5,1,1200,2,1,10000,-10000,0);
insert into point(id,name,description,sourcetype,parenttype,parentid,pointtype,needarchive,artime,sntime,sndvalue,snivalue,arcdvalue,arcivalue,arcquality,snquality,timeout,cmpdev,cmpmintime,cmpmaxtime,ifalarm,alarmlevel,hlimit,llimit,alarmref) values(12,'[国能日新]farminfo_tp','【国能日新】电场理论有功',4,1,1,2,1,'','',0,'','','','',1,300,0.5,1,1200,2,1,10000,-10000,0);
insert into point(id,name,description,sourcetype,parenttype,parentid,pointtype,needarchive,artime,sntime,sndvalue,snivalue,arcdvalue,arcivalue,arcquality,snquality,timeout,cmpdev,cmpmintime,cmpmaxtime,ifalarm,alarmlevel,hlimit,llimit,alarmref) values(13,'[国能日新]farminfo_rcap','【国能日新】电场实际开机容量',4,1,1,2,1,'','',5,'','','','',1,300,0.5,1,1200,2,1,10000,-10000,0);
insert into point(id,name,description,sourcetype,parenttype,parentid,pointtype,needarchive,artime,sntime,sndvalue,snivalue,arcdvalue,arcivalue,arcquality,snquality,timeout,cmpdev,cmpmintime,cmpmaxtime,ifalarm,alarmlevel,hlimit,llimit,alarmref) values(14,'[国能日新]farminfo_runnum','【国能日新】电场逆变器运行台数',4,1,1,5,1,'','','',0,'','','',1,300,0.5,1,1200,2,1,10000,-10000,0);
insert into point(id,name,description,sourcetype,parenttype,parentid,pointtype,needarchive,artime,sntime,sndvalue,snivalue,arcdvalue,arcivalue,arcquality,snquality,timeout,cmpdev,cmpmintime,cmpmaxtime,ifalarm,alarmlevel,hlimit,llimit,alarmref) values(15,'[国能日新]farminfo_rpower','【国能日新】电场日累计电量',4,1,1,2,1,'','',0,'','','','',1,300,0.5,1,1200,2,1,10000,-10000,0);
insert into point(id,name,description,sourcetype,parenttype,parentid,pointtype,needarchive,artime,sntime,sndvalue,snivalue,arcdvalue,arcivalue,arcquality,snquality,timeout,cmpdev,cmpmintime,cmpmaxtime,ifalarm,alarmlevel,hlimit,llimit,alarmref) values(16,'[国能日新]farminfo_tpower','【国能日新】电场日理论电量',4,1,1,2,1,'','',0,'','','','',1,300,0.5,1,1200,2,1,10000,-10000,0);
insert into point(id,name,description,sourcetype,parenttype,parentid,pointtype,needarchive,artime,sntime,sndvalue,snivalue,arcdvalue,arcivalue,arcquality,snquality,timeout,cmpdev,cmpmintime,cmpmaxtime,ifalarm,alarmlevel,hlimit,llimit,alarmref) values(17,'[国能日新]farminfo_mcstie','【国能日新】电场主变分接头位置',2,1,1,5,1,'','','',10,'','','',1,300,0.5,1,1200,2,1,10000,-10000,0);
insert into point(id,name,description,sourcetype,parenttype,parentid,pointtype,needarchive,artime,sntime,sndvalue,snivalue,arcdvalue,arcivalue,arcquality,snquality,timeout,cmpdev,cmpmintime,cmpmaxtime,ifalarm,alarmlevel,hlimit,llimit,alarmref) values(18,'avcsysinfo_start','AVC投入退出开关',3,10,1,3,1,'','','',1,'','','',1,300,0.5,1,1200,2,1,10000,-10000,0);
insert into point(id,name,description,sourcetype,parenttype,parentid,pointtype,needarchive,artime,sntime,sndvalue,snivalue,arcdvalue,arcivalue,arcquality,snquality,timeout,cmpdev,cmpmintime,cmpmaxtime,ifalarm,alarmlevel,hlimit,llimit,alarmref) values(19,'avcsysinfo_contrmod','AVC控制模式',3,10,1,3,1,'','','',1,'','','',1,300,0.5,1,1200,2,1,10000,-10000,0);
insert into point(id,name,description,sourcetype,parenttype,parentid,pointtype,needarchive,artime,sntime,sndvalue,snivalue,arcdvalue,arcivalue,arcquality,snquality,timeout,cmpdev,cmpmintime,cmpmaxtime,ifalarm,alarmlevel,hlimit,llimit,alarmref) values(20,'avcsysinfo_assmethod','无功分配方法',1,10,1,5,1,'','','',0,'','','',1,300,0.5,1,1200,2,1,10000,-10000,0);
insert into point(id,name,description,sourcetype,parenttype,parentid,pointtype,needarchive,artime,sntime,sndvalue,snivalue,arcdvalue,arcivalue,arcquality,snquality,timeout,cmpdev,cmpmintime,cmpmaxtime,ifalarm,alarmlevel,hlimit,llimit,alarmref) values(21,'avcsysinfo_status','AVC运行状态',3,10,1,1,1,'','','',0,'','','',1,300,0.5,1,1200,2,1,10000,-10000,0);
insert into point(id,name,description,sourcetype,parenttype,parentid,pointtype,needarchive,artime,sntime,sndvalue,snivalue,arcdvalue,arcivalue,arcquality,snquality,timeout,cmpdev,cmpmintime,cmpmaxtime,ifalarm,alarmlevel,hlimit,llimit,alarmref) values(22,'avcsysinfo_cmdtargetv','AVC命令目标值',2,10,1,2,1,'','',0,'','','','',1,300,0.1,1,1200,2,1,10000,-10000,0);
insert into point(id,name,description,sourcetype,parenttype,parentid,pointtype,needarchive,artime,sntime,sndvalue,snivalue,arcdvalue,arcivalue,arcquality,snquality,timeout,cmpdev,cmpmintime,cmpmaxtime,ifalarm,alarmlevel,hlimit,llimit,alarmref) values(23,'avcsysinfo_rttargetv','AVC实时命令目标值',2,10,1,4,1,'','',0,'','','','',1,300,0.5,1,1200,2,1,10000,-10000,0);
insert into point(id,name,description,sourcetype,parenttype,parentid,pointtype,needarchive,artime,sntime,sndvalue,snivalue,arcdvalue,arcivalue,arcquality,snquality,timeout,cmpdev,cmpmintime,cmpmaxtime,ifalarm,alarmlevel,hlimit,llimit,alarmref) values(24,'avcsysinfo_plantargetv','AVC计划曲线目标值',2,10,1,4,1,'','',0,'','','','',1,300,0.5,1,1200,2,1,10000,-10000,0);
insert into point(id,name,description,sourcetype,parenttype,parentid,pointtype,needarchive,artime,sntime,sndvalue,snivalue,arcdvalue,arcivalue,arcquality,snquality,timeout,cmpdev,cmpmintime,cmpmaxtime,ifalarm,alarmlevel,hlimit,llimit,alarmref) values(25,'avcsysinfo_mantargetv','AVC手动目标值',2,10,1,4,1,'','',0,'','','','',1,300,0.5,1,1200,2,1,10000,-10000,0);
insert into point(id,name,description,sourcetype,parenttype,parentid,pointtype,needarchive,artime,sntime,sndvalue,snivalue,arcdvalue,arcivalue,arcquality,snquality,timeout,cmpdev,cmpmintime,cmpmaxtime,ifalarm,alarmlevel,hlimit,llimit,alarmref) values(26,'avcsysinfo_bustargetv','母线电压目标值',2,10,1,2,1,'','',0,'','','','',1,300,0.5,1,1200,2,1,10000,-10000,0);
insert into point(id,name,description,sourcetype,parenttype,parentid,pointtype,needarchive,artime,sntime,sndvalue,snivalue,arcdvalue,arcivalue,arcquality,snquality,timeout,cmpdev,cmpmintime,cmpmaxtime,ifalarm,alarmlevel,hlimit,llimit,alarmref) values(27,'avcsysinfo_targetq','目标控制总无功',3,10,1,2,1,'','',0,'','','','',1,300,0.5,1,1200,2,1,10000,-10000,0);
insert into point(id,name,description,sourcetype,parenttype,parentid,pointtype,needarchive,artime,sntime,sndvalue,snivalue,arcdvalue,arcivalue,arcquality,snquality,timeout,cmpdev,cmpmintime,cmpmaxtime,ifalarm,alarmlevel,hlimit,llimit,alarmref) values(28,'avcsysinfo_farmsumq','可调电场总无功',3,10,1,2,1,'','',0,'','','','',1,300,0.5,1,1200,2,1,10000,-10000,0);
insert into point(id,name,description,sourcetype,parenttype,parentid,pointtype,needarchive,artime,sntime,sndvalue,snivalue,arcdvalue,arcivalue,arcquality,snquality,timeout,cmpdev,cmpmintime,cmpmaxtime,ifalarm,alarmlevel,hlimit,llimit,alarmref) values(29,'avcsysinfo_pf','功率因数',3,10,1,2,1,'','',0,'','','','',1,300,0.5,1,1200,2,1,10000,-10000,0);
/*insert into point(id,name,description,sourcetype,parenttype,parentid,pointtype,needarchive,artime,sntime,sndvalue,snivalue,arcdvalue,arcivalue,arcquality,snquality,timeout,cmpdev,cmpmintime,cmpmaxtime,ifalarm,alarmlevel,hlimit,llimit,alarmref) values(30,'avcsysinfo_lo','偏移系数',0,10,1,2,1,'','',0,'','','','',1,300,0.5,1,1200,2,1,10000,-10000,0);*/
insert into point(id,name,description,sourcetype,parenttype,parentid,pointtype,needarchive,artime,sntime,sndvalue,snivalue,arcdvalue,arcivalue,arcquality,snquality,timeout,cmpdev,cmpmintime,cmpmaxtime,ifalarm,alarmlevel,hlimit,llimit,alarmref) values(31,'avcsysinfo_sysimp','系统阻抗',3,10,1,2,1,'','',0,'','','','',1,300,0.5,1,1200,2,1,10000,-10000,0);
insert into point(id,name,description,sourcetype,parenttype,parentid,pointtype,needarchive,artime,sntime,sndvalue,snivalue,arcdvalue,arcivalue,arcquality,snquality,timeout,cmpdev,cmpmintime,cmpmaxtime,ifalarm,alarmlevel,hlimit,llimit,alarmref) values(32,'avcsysinfo_runstatus','AVC系统运行状态',3,10,1,5,1,'','','',0,'','','',1,300,0.5,1,1200,2,1,10000,-10000,0);
insert into point(id,name,description,sourcetype,parenttype,parentid,pointtype,needarchive,artime,sntime,sndvalue,snivalue,arcdvalue,arcivalue,arcquality,snquality,timeout,cmpdev,cmpmintime,cmpmaxtime,ifalarm,alarmlevel,hlimit,llimit,alarmref) values(33,'avcsysinfo_unableadd','AVC增闭锁',3,10,1,1,1,'','','',0,'','','',1,300,0.5,1,1200,2,1,10000,-10000,0);
insert into point(id,name,description,sourcetype,parenttype,parentid,pointtype,needarchive,artime,sntime,sndvalue,snivalue,arcdvalue,arcivalue,arcquality,snquality,timeout,cmpdev,cmpmintime,cmpmaxtime,ifalarm,alarmlevel,hlimit,llimit,alarmref) values(34,'avcsysinfo_unablesub','AVC减闭锁',3,10,1,1,1,'','','',0,'','','',1,300,0.5,1,1200,2,1,10000,-10000,0);
insert into point(id,name,description,sourcetype,parenttype,parentid,pointtype,needarchive,artime,sntime,sndvalue,snivalue,arcdvalue,arcivalue,arcquality,snquality,timeout,cmpdev,cmpmintime,cmpmaxtime,ifalarm,alarmlevel,hlimit,llimit,alarmref) values(35,'avcsysinfo_deadareav','目标电压死区',1,10,1,2,1,'','',0.1,'','','','',1,300,0.5,1,1200,2,1,10000,-10000,0);
insert into point(id,name,description,sourcetype,parenttype,parentid,pointtype,needarchive,artime,sntime,sndvalue,snivalue,arcdvalue,arcivalue,arcquality,snquality,timeout,cmpdev,cmpmintime,cmpmaxtime,ifalarm,alarmlevel,hlimit,llimit,alarmref) values(36,'avcsysinfo_adjmaxarea','AVC调节偏差范围',1,10,1,2,1,'','',6,'','','','',1,300,0.5,1,1200,2,1,10000,-10000,0);
insert into point(id,name,description,sourcetype,parenttype,parentid,pointtype,needarchive,artime,sntime,sndvalue,snivalue,arcdvalue,arcivalue,arcquality,snquality,timeout,cmpdev,cmpmintime,cmpmaxtime,ifalarm,alarmlevel,hlimit,llimit,alarmref) values(37,'avcsysinfo_standardv','标准电压',1,10,1,2,1,'','',0,'','','','',1,300,0.5,1,1200,2,1,10000,-10000,0);
insert into point(id,name,description,sourcetype,parenttype,parentid,pointtype,needarchive,artime,sntime,sndvalue,snivalue,arcdvalue,arcivalue,arcquality,snquality,timeout,cmpdev,cmpmintime,cmpmaxtime,ifalarm,alarmlevel,hlimit,llimit,alarmref) values(38,'avcsysinfo_sysimpmax','系统阻抗上限',1,10,1,2,1,'','',90,'','','','',1,300,0.5,1,1200,2,1,10000,-10000,0);
insert into point(id,name,description,sourcetype,parenttype,parentid,pointtype,needarchive,artime,sntime,sndvalue,snivalue,arcdvalue,arcivalue,arcquality,snquality,timeout,cmpdev,cmpmintime,cmpmaxtime,ifalarm,alarmlevel,hlimit,llimit,alarmref) values(39,'avcsysinfo_sysimpmin','系统阻抗下限',1,10,1,2,1,'','',10,'','','','',1,300,0.5,1,1200,2,1,10000,-10000,0);
/*#insert into point(id,name,description,sourcetype,parenttype,parentid,pointtype,needarchive,artime,sntime,sndvalue,snivalue,arcdvalue,arcivalue,arcquality,snquality,timeout,cmpdev,cmpmintime,cmpmaxtime,ifalarm,alarmlevel,hlimit,llimit,alarmref) values(40,'avcsysinfo_minev','电压波动最小值',0,10,1,2,1,'','',0,'','','','',1,300,0.5,1,1200,2,1,10000,-10000,0);*/
insert into point(id,name,description,sourcetype,parenttype,parentid,pointtype,needarchive,artime,sntime,sndvalue,snivalue,arcdvalue,arcivalue,arcquality,snquality,timeout,cmpdev,cmpmintime,cmpmaxtime,ifalarm,alarmlevel,hlimit,llimit,alarmref) values(41,'avcsysinfo_bushlimitv','母线电压上限',1,10,1,2,1,'','',120,'','','','',1,300,0.5,1,1200,2,1,10000,-10000,0);
insert into point(id,name,description,sourcetype,parenttype,parentid,pointtype,needarchive,artime,sntime,sndvalue,snivalue,arcdvalue,arcivalue,arcquality,snquality,timeout,cmpdev,cmpmintime,cmpmaxtime,ifalarm,alarmlevel,hlimit,llimit,alarmref) values(42,'avcsysinfo_busllimitv','母线电压下限',1,10,1,2,1,'','',100,'','','','',1,300,0.5,1,1200,2,1,10000,-10000,0);
#insert into point(id,name,description,sourcetype,parenttype,parentid,pointtype,needarchive,artime,sntime,sndvalue,snivalue,arcdvalue,arcivalue,arcquality,snquality,timeout,cmpdev,cmpmintime,cmpmaxtime,ifalarm,alarmlevel,hlimit,llimit,alarmref) values(43,'avcsysinfo_abushlimitv','母线电压上限增量',0,10,1,2,1,'','',0,'','','','',1,300,0.5,1,1200,2,1,10000,-10000,0);
#insert into point(id,name,description,sourcetype,parenttype,parentid,pointtype,needarchive,artime,sntime,sndvalue,snivalue,arcdvalue,arcivalue,arcquality,snquality,timeout,cmpdev,cmpmintime,cmpmaxtime,ifalarm,alarmlevel,hlimit,llimit,alarmref) values(44,'avcsysinfo_abusllimitv','母线电压下限增量',0,10,1,2,1,'','',0,'','','','',1,300,0.5,1,1200,2,1,10000,-10000,0);
insert into point(id,name,description,sourcetype,parenttype,parentid,pointtype,needarchive,artime,sntime,sndvalue,snivalue,arcdvalue,arcivalue,arcquality,snquality,timeout,cmpdev,cmpmintime,cmpmaxtime,ifalarm,alarmlevel,hlimit,llimit,alarmref) values(45,'avcsysinfo_farmvhlimit','场用电压上限',1,10,1,2,1,'','',39.6,'','','','',1,300,0.5,1,1200,2,1,10000,-10000,0);
insert into point(id,name,description,sourcetype,parenttype,parentid,pointtype,needarchive,artime,sntime,sndvalue,snivalue,arcdvalue,arcivalue,arcquality,snquality,timeout,cmpdev,cmpmintime,cmpmaxtime,ifalarm,alarmlevel,hlimit,llimit,alarmref) values(46,'avcsysinfo_farmvllimit','场用电压下限',1,10,1,2,1,'','',33.5,'','','','',1,300,0.5,1,1200,2,1,10000,-10000,0);
insert into point(id,name,description,sourcetype,parenttype,parentid,pointtype,needarchive,artime,sntime,sndvalue,snivalue,arcdvalue,arcivalue,arcquality,snquality,timeout,cmpdev,cmpmintime,cmpmaxtime,ifalarm,alarmlevel,hlimit,llimit,alarmref) values(47,'avcsysinfo_deadareaq','目标无功死区',1,10,1,2,1,'','',0,'','','','',1,300,0.5,1,1200,2,1,10000,-10000,0);
insert into point(id,name,description,sourcetype,parenttype,parentid,pointtype,needarchive,artime,sntime,sndvalue,snivalue,arcdvalue,arcivalue,arcquality,snquality,timeout,cmpdev,cmpmintime,cmpmaxtime,ifalarm,alarmlevel,hlimit,llimit,alarmref) values(48,'avcsysinfo_buslhlimitq','全场无功上限',1,10,1,2,1,'','',0,'','','','',1,300,0.5,1,1200,2,1,10000,-10000,0);
insert into point(id,name,description,sourcetype,parenttype,parentid,pointtype,needarchive,artime,sntime,sndvalue,snivalue,arcdvalue,arcivalue,arcquality,snquality,timeout,cmpdev,cmpmintime,cmpmaxtime,ifalarm,alarmlevel,hlimit,llimit,alarmref) values(49,'avcsysinfo_busllimitq','全场无功下限',1,10,1,2,1,'','',0,'','','','',1,300,0.5,1,1200,2,1,10000,-10000,0);
#insert into point(id,name,description,sourcetype,parenttype,parentid,pointtype,needarchive,artime,sntime,sndvalue,snivalue,arcdvalue,arcivalue,arcquality,snquality,timeout,cmpdev,cmpmintime,cmpmaxtime,ifalarm,alarmlevel,hlimit,llimit,alarmref) values(50,'avcsysinfo_abuslhlimitq','全场无功上限增量',0,10,1,2,1,'','',0,'','','','',1,300,0.5,1,1200,2,1,10000,-10000,0);
#insert into point(id,name,description,sourcetype,parenttype,parentid,pointtype,needarchive,artime,sntime,sndvalue,snivalue,arcdvalue,arcivalue,arcquality,snquality,timeout,cmpdev,cmpmintime,cmpmaxtime,ifalarm,alarmlevel,hlimit,llimit,alarmref) values(51,'avcsysinfo_abusllimitq','全场无功下限增量',0,10,1,2,1,'','',0,'','','','',1,300,0.5,1,1200,2,1,10000,-10000,0);
insert into point(id,name,description,sourcetype,parenttype,parentid,pointtype,needarchive,artime,sntime,sndvalue,snivalue,arcdvalue,arcivalue,arcquality,snquality,timeout,cmpdev,cmpmintime,cmpmaxtime,ifalarm,alarmlevel,hlimit,llimit,alarmref) values(52,'avcsysinfo_fvmax','AVC分钟级变化率',1,10,1,2,1,'','',0.1,'','','','',1,300,0.5,1,1200,2,1,10000,-10000,0);
insert into point(id,name,description,sourcetype,parenttype,parentid,pointtype,needarchive,artime,sntime,sndvalue,snivalue,arcdvalue,arcivalue,arcquality,snquality,timeout,cmpdev,cmpmintime,cmpmaxtime,ifalarm,alarmlevel,hlimit,llimit,alarmref) values(53,'avcsysinfo_conintertime','AVC全场控制间隔时间',1,10,1,5,1,'','','',10,'','','',1,300,0.5,1,1200,2,1,10000,-10000,0);
insert into point(id,name,description,sourcetype,parenttype,parentid,pointtype,needarchive,artime,sntime,sndvalue,snivalue,arcdvalue,arcivalue,arcquality,snquality,timeout,cmpdev,cmpmintime,cmpmaxtime,ifalarm,alarmlevel,hlimit,llimit,alarmref) values(54,'avcsysinfo_gplanouttime','AVC调度命令有效时间',1,10,1,5,1,'','','',600,'','','',1,300,0.5,1,1200,2,1,10000,-10000,0);
insert into point(id,name,description,sourcetype,parenttype,parentid,pointtype,needarchive,artime,sntime,sndvalue,snivalue,arcdvalue,arcivalue,arcquality,snquality,timeout,cmpdev,cmpmintime,cmpmaxtime,ifalarm,alarmlevel,hlimit,llimit,alarmref) values(79,'avcsysinfo_modstatus','AVC控制模式状态',3,10,1,5,1,'','','',1,'','','',1,300,0.5,1,1200,2,1,10000,-10000,0);
insert into point(id,name,description,sourcetype,parenttype,parentid,pointtype,needarchive,artime,sntime,sndvalue,snivalue,arcdvalue,arcivalue,arcquality,snquality,timeout,cmpdev,cmpmintime,cmpmaxtime,ifalarm,alarmlevel,hlimit,llimit,alarmref) values(10600,'avcsysinfo_loopaction','AVC开环运行、闭环运行命令',3,10,1,3,1,'','','',1,'','','',1,300,0.5,1,1200,2,1,10000,-10000,0);
insert into point(id,name,description,sourcetype,parenttype,parentid,pointtype,needarchive,artime,sntime,sndvalue,snivalue,arcdvalue,arcivalue,arcquality,snquality,timeout,cmpdev,cmpmintime,cmpmaxtime,ifalarm,alarmlevel,hlimit,llimit,alarmref) values(10601,'avcsysinfo_loopstatus','AVC开环运行、闭环运行状态',3,10,1,5,1,'','','',1,'','','',1,300,0.5,1,1200,2,1,10000,-10000,0);

insert into point(id,name,description,sourcetype,parenttype,parentid,pointtype,needarchive,artime,sntime,sndvalue,snivalue,arcdvalue,arcivalue,arcquality,snquality,timeout,cmpdev,cmpmintime,cmpmaxtime,ifalarm,alarmlevel,hlimit,llimit,alarmref) values(55,'agcsysinfo_conintertime','AGC全场控制间隔时间',1,9,1,5,1,'','','',10,'','','',1,300,0.5,1,1200,2,1,10000,-10000,0);
insert into point(id,name,description,sourcetype,parenttype,parentid,pointtype,needarchive,artime,sntime,sndvalue,snivalue,arcdvalue,arcivalue,arcquality,snquality,timeout,cmpdev,cmpmintime,cmpmaxtime,ifalarm,alarmlevel,hlimit,llimit,alarmref) values(56,'agcsysinfo_gplanouttime','AGC调度命令有效时间',1,9,1,5,1,'','','',600,'','','',1,300,0.5,1,1200,2,1,10000,-10000,0);
insert into point(id,name,description,sourcetype,parenttype,parentid,pointtype,needarchive,artime,sntime,sndvalue,snivalue,arcdvalue,arcivalue,arcquality,snquality,timeout,cmpdev,cmpmintime,cmpmaxtime,ifalarm,alarmlevel,hlimit,llimit,alarmref) values(57,'agcsysinfo_phlimit','全场出力上限',1,9,1,2,1,'','',1000,'','','','',1,300,0.5,1,1200,2,1,10000,-10000,0);
insert into point(id,name,description,sourcetype,parenttype,parentid,pointtype,needarchive,artime,sntime,sndvalue,snivalue,arcdvalue,arcivalue,arcquality,snquality,timeout,cmpdev,cmpmintime,cmpmaxtime,ifalarm,alarmlevel,hlimit,llimit,alarmref) values(58,'agcsysinfo_pllimit','全场出力下限',1,9,1,2,1,'','',0,'','','','',1,300,0.5,1,1200,2,1,10000,-10000,0);
#insert into point(id,name,description,sourcetype,parenttype,parentid,pointtype,needarchive,artime,sntime,sndvalue,snivalue,arcdvalue,arcivalue,arcquality,snquality,timeout,cmpdev,cmpmintime,cmpmaxtime,ifalarm,alarmlevel,hlimit,llimit,alarmref) values(59,'agcsysinfo_ephlimit','全场经济运行出力上限',0,9,1,2,1,'','',0,'','','','',1,300,0.5,1,1200,2,1,10000,-10000,0);
#insert into point(id,name,description,sourcetype,parenttype,parentid,pointtype,needarchive,artime,sntime,sndvalue,snivalue,arcdvalue,arcivalue,arcquality,snquality,timeout,cmpdev,cmpmintime,cmpmaxtime,ifalarm,alarmlevel,hlimit,llimit,alarmref) values(60,'agcsysinfo_epllimit','全场经济运行出力下限',0,9,1,2,1,'','',0,'','','','',1,300,0.5,1,1200,2,1,10000,-10000,0);
insert into point(id,name,description,sourcetype,parenttype,parentid,pointtype,needarchive,artime,sntime,sndvalue,snivalue,arcdvalue,arcivalue,arcquality,snquality,timeout,cmpdev,cmpmintime,cmpmaxtime,ifalarm,alarmlevel,hlimit,llimit,alarmref) values(61,'agcsysinfo_pdeadarea','全场出力控制死区',1,9,1,2,1,'','',0.01,'','','','',1,300,0.5,1,1200,2,1,10000,-10000,0);
insert into point(id,name,description,sourcetype,parenttype,parentid,pointtype,needarchive,artime,sntime,sndvalue,snivalue,arcdvalue,arcivalue,arcquality,snquality,timeout,cmpdev,cmpmintime,cmpmaxtime,ifalarm,alarmlevel,hlimit,llimit,alarmref) values(62,'agcsysinfo_fprocmax','AGC单次变化率',1,9,1,2,1,'','',0.01,'','','','',1,300,0.5,1,1200,2,1,10000,-10000,0);
insert into point(id,name,description,sourcetype,parenttype,parentid,pointtype,needarchive,artime,sntime,sndvalue,snivalue,arcdvalue,arcivalue,arcquality,snquality,timeout,cmpdev,cmpmintime,cmpmaxtime,ifalarm,alarmlevel,hlimit,llimit,alarmref) values(63,'agcsysinfo_fpcrocmax','AGC分钟级变化率',1,9,1,2,1,'','',0.1,'','','','',1,300,0.5,1,1200,2,1,10000,-10000,0);
#insert into point(id,name,description,sourcetype,parenttype,parentid,pointtype,needarchive,artime,sntime,sndvalue,snivalue,arcdvalue,arcivalue,arcquality,snquality,timeout,cmpdev,cmpmintime,cmpmaxtime,ifalarm,alarmlevel,hlimit,llimit,alarmref) values(64,'agcsysinfo_fupv','全场升出力响应速度',0,9,1,2,1,'','',0,'','','','',1,300,0.5,1,1200,2,1,10000,-10000,0);
#insert into point(id,name,description,sourcetype,parenttype,parentid,pointtype,needarchive,artime,sntime,sndvalue,snivalue,arcdvalue,arcivalue,arcquality,snquality,timeout,cmpdev,cmpmintime,cmpmaxtime,ifalarm,alarmlevel,hlimit,llimit,alarmref) values(65,'agcsysinfo_fdpv','全场降出力响应速度',0,9,1,2,1,'','',0,'','','','',1,300,0.5,1,1200,2,1,10000,-10000,0);
insert into point(id,name,description,sourcetype,parenttype,parentid,pointtype,needarchive,artime,sntime,sndvalue,snivalue,arcdvalue,arcivalue,arcquality,snquality,timeout,cmpdev,cmpmintime,cmpmaxtime,ifalarm,alarmlevel,hlimit,llimit,alarmref) values(66,'agcsysinfo_rtcp','AGC当前分配策略',1,9,1,5,1,'','','',0,'','','',1,300,0.5,1,1200,2,1,10000,-10000,0);
insert into point(id,name,description,sourcetype,parenttype,parentid,pointtype,needarchive,artime,sntime,sndvalue,snivalue,arcdvalue,arcivalue,arcquality,snquality,timeout,cmpdev,cmpmintime,cmpmaxtime,ifalarm,alarmlevel,hlimit,llimit,alarmref) values(67,'agcsysinfo_agcstart','AGC投入退出开关ID',3,9,1,3,1,'','','',0,'','','',1,300,0.5,1,1200,2,1,10000,-10000,0);
insert into point(id,name,description,sourcetype,parenttype,parentid,pointtype,needarchive,artime,sntime,sndvalue,snivalue,arcdvalue,arcivalue,arcquality,snquality,timeout,cmpdev,cmpmintime,cmpmaxtime,ifalarm,alarmlevel,hlimit,llimit,alarmref) values(68,'agcsysinfo_agcstatus','AGC运行状态',3,9,1,1,1,'','','',0,'','','',1,300,0.5,1,1200,2,1,10000,-10000,0);
insert into point(id,name,description,sourcetype,parenttype,parentid,pointtype,needarchive,artime,sntime,sndvalue,snivalue,arcdvalue,arcivalue,arcquality,snquality,timeout,cmpdev,cmpmintime,cmpmaxtime,ifalarm,alarmlevel,hlimit,llimit,alarmref) values(69,'agcsysinfo_agccontrmod','AGC控制模式',3,9,1,3,1,'','','',1,'','','',1,300,0.5,1,1200,2,1,10000,-10000,0);
insert into point(id,name,description,sourcetype,parenttype,parentid,pointtype,needarchive,artime,sntime,sndvalue,snivalue,arcdvalue,arcivalue,arcquality,snquality,timeout,cmpdev,cmpmintime,cmpmaxtime,ifalarm,alarmlevel,hlimit,llimit,alarmref) values(70,'agcsysinfo_runstatus','AGC系统运行状态',3,9,1,5,1,'','','',0,'','','',1,300,0.5,1,1200,2,1,10000,-10000,0);
insert into point(id,name,description,sourcetype,parenttype,parentid,pointtype,needarchive,artime,sntime,sndvalue,snivalue,arcdvalue,arcivalue,arcquality,snquality,timeout,cmpdev,cmpmintime,cmpmaxtime,ifalarm,alarmlevel,hlimit,llimit,alarmref) values(71,'agcsysinfo_targetp','AGC全场目标出力',2,9,1,2,1,'','',0,'','','','',1,300,0.1,1,1200,2,1,10000,-10000,0);
insert into point(id,name,description,sourcetype,parenttype,parentid,pointtype,needarchive,artime,sntime,sndvalue,snivalue,arcdvalue,arcivalue,arcquality,snquality,timeout,cmpdev,cmpmintime,cmpmaxtime,ifalarm,alarmlevel,hlimit,llimit,alarmref) values(72,'agcsysinfo_ctargetp','AGC策略下发目标值',2,9,1,2,1,'','',0,'','','','',1,300,0.5,1,1200,2,1,10000,-10000,0);
insert into point(id,name,description,sourcetype,parenttype,parentid,pointtype,needarchive,artime,sntime,sndvalue,snivalue,arcdvalue,arcivalue,arcquality,snquality,timeout,cmpdev,cmpmintime,cmpmaxtime,ifalarm,alarmlevel,hlimit,llimit,alarmref) values(73,'agcsysinfo_rttargetp','AGC实时命令目标值',2,9,1,4,1,'','',0,'','','','',1,300,0.5,1,1200,2,1,10000,-10000,0);
insert into point(id,name,description,sourcetype,parenttype,parentid,pointtype,needarchive,artime,sntime,sndvalue,snivalue,arcdvalue,arcivalue,arcquality,snquality,timeout,cmpdev,cmpmintime,cmpmaxtime,ifalarm,alarmlevel,hlimit,llimit,alarmref) values(74,'agcsysinfo_plantargetp','AGC计划曲线目标值',2,9,1,4,1,'','',0,'','','','',1,300,0.5,1,1200,2,1,10000,-10000,0);
insert into point(id,name,description,sourcetype,parenttype,parentid,pointtype,needarchive,artime,sntime,sndvalue,snivalue,arcdvalue,arcivalue,arcquality,snquality,timeout,cmpdev,cmpmintime,cmpmaxtime,ifalarm,alarmlevel,hlimit,llimit,alarmref) values(75,'agcsysinfo_mantargetp','AGC手动目标值',2,9,1,4,1,'','',0,'','','','',1,300,0.5,1,1200,2,1,10000,-10000,0);
insert into point(id,name,description,sourcetype,parenttype,parentid,pointtype,needarchive,artime,sntime,sndvalue,snivalue,arcdvalue,arcivalue,arcquality,snquality,timeout,cmpdev,cmpmintime,cmpmaxtime,ifalarm,alarmlevel,hlimit,llimit,alarmref) values(76,'agcsysinfo_unableadd','AGC增闭锁',3,9,1,1,1,'','','',0,'','','',1,300,0.5,1,1200,2,1,10000,-10000,0);
insert into point(id,name,description,sourcetype,parenttype,parentid,pointtype,needarchive,artime,sntime,sndvalue,snivalue,arcdvalue,arcivalue,arcquality,snquality,timeout,cmpdev,cmpmintime,cmpmaxtime,ifalarm,alarmlevel,hlimit,llimit,alarmref) values(77,'agcsysinfo_unablesub','AGC减闭锁',3,9,1,1,1,'','','',0,'','','',1,300,0.5,1,1200,2,1,10000,-10000,0);
insert into point(id,name,description,sourcetype,parenttype,parentid,pointtype,needarchive,artime,sntime,sndvalue,snivalue,arcdvalue,arcivalue,arcquality,snquality,timeout,cmpdev,cmpmintime,cmpmaxtime,ifalarm,alarmlevel,hlimit,llimit,alarmref) values(78,'agcsysinfo_agcmodstatus','AGC控制模式状态',3,9,1,5,1,'','','',1,'','','',1,300,0.5,1,1200,2,1,10000,-10000,0);
insert into point(id,name,description,sourcetype,parenttype,parentid,pointtype,needarchive,artime,sntime,sndvalue,snivalue,arcdvalue,arcivalue,arcquality,snquality,timeout,cmpdev,cmpmintime,cmpmaxtime,ifalarm,alarmlevel,hlimit,llimit,alarmref) values(10602,'agcsysinfo_loopaction','AGC开环运行、闭环运行命令',3,9,1,3,1,'','','',1,'','','',1,300,0.5,1,1200,2,1,10000,-10000,0);
insert into point(id,name,description,sourcetype,parenttype,parentid,pointtype,needarchive,artime,sntime,sndvalue,snivalue,arcdvalue,arcivalue,arcquality,snquality,timeout,cmpdev,cmpmintime,cmpmaxtime,ifalarm,alarmlevel,hlimit,llimit,alarmref) values(10603,'agcsysinfo_loopstatus','AGC开环运行、闭环运行状态',3,9,1,5,1,'','','',1,'','','',1,300,0.5,1,1200,2,1,10000,-10000,0);



insert into point(id,name,description,sourcetype,parenttype,parentid,pointtype,needarchive,artime,sntime,sndvalue,snivalue,arcdvalue,arcivalue,arcquality,snquality,timeout,cmpdev,cmpmintime,cmpmaxtime,ifalarm,alarmlevel,hlimit,llimit,alarmref) values(10001,'[svc1]svcinfo_run','【svc1】运行状态',2,7,1,5,1,'','','',1,'','','',1,300,0.5,1,1200,2,1,10000,-10000,0);
insert into point(id,name,description,sourcetype,parenttype,parentid,pointtype,needarchive,artime,sntime,sndvalue,snivalue,arcdvalue,arcivalue,arcquality,snquality,timeout,cmpdev,cmpmintime,cmpmaxtime,ifalarm,alarmlevel,hlimit,llimit,alarmref) values(10002,'[svc1]svcinfo_error','【svc1】故障状态',2,7,1,1,1,'','','',0,'','','',1,300,0.5,1,1200,2,1,10000,-10000,0);
insert into point(id,name,description,sourcetype,parenttype,parentid,pointtype,needarchive,artime,sntime,sndvalue,snivalue,arcdvalue,arcivalue,arcquality,snquality,timeout,cmpdev,cmpmintime,cmpmaxtime,ifalarm,alarmlevel,hlimit,llimit,alarmref) values(10003,'[svc1]svcinfo_ready','【svc1】就绪状态',2,7,1,1,1,'','','',0,'','','',1,300,0.5,1,1200,2,1,10000,-10000,0);
insert into point(id,name,description,sourcetype,parenttype,parentid,pointtype,needarchive,artime,sntime,sndvalue,snivalue,arcdvalue,arcivalue,arcquality,snquality,timeout,cmpdev,cmpmintime,cmpmaxtime,ifalarm,alarmlevel,hlimit,llimit,alarmref) values(10004,'[svc1]svcinfo_breakersta','【svc1】断路器状态',2,7,1,1,1,'','','',0,'','','',1,300,0.5,1,1200,2,1,10000,-10000,0);
insert into point(id,name,description,sourcetype,parenttype,parentid,pointtype,needarchive,artime,sntime,sndvalue,snivalue,arcdvalue,arcivalue,arcquality,snquality,timeout,cmpdev,cmpmintime,cmpmaxtime,ifalarm,alarmlevel,hlimit,llimit,alarmref) values(10005,'[svc1]svcinfo_hdiscsta','【svc1】上级接地刀闸状态',2,7,1,1,1,'','','',0,'','','',1,300,0.5,1,1200,2,1,10000,-10000,0);
insert into point(id,name,description,sourcetype,parenttype,parentid,pointtype,needarchive,artime,sntime,sndvalue,snivalue,arcdvalue,arcivalue,arcquality,snquality,timeout,cmpdev,cmpmintime,cmpmaxtime,ifalarm,alarmlevel,hlimit,llimit,alarmref) values(10006,'[svc1]svcinfo_hisosta','【svc1】上级隔离开关状态',2,7,1,1,1,'','','',0,'','','',1,300,0.5,1,1200,2,1,10000,-10000,0);
insert into point(id,name,description,sourcetype,parenttype,parentid,pointtype,needarchive,artime,sntime,sndvalue,snivalue,arcdvalue,arcivalue,arcquality,snquality,timeout,cmpdev,cmpmintime,cmpmaxtime,ifalarm,alarmlevel,hlimit,llimit,alarmref) values(10007,'[svc1]svcinfo_inlinehv','【svc1】输入侧过压状态',2,7,1,1,1,'','','',0,'','','',1,300,0.5,1,1200,2,1,10000,-10000,0);
insert into point(id,name,description,sourcetype,parenttype,parentid,pointtype,needarchive,artime,sntime,sndvalue,snivalue,arcdvalue,arcivalue,arcquality,snquality,timeout,cmpdev,cmpmintime,cmpmaxtime,ifalarm,alarmlevel,hlimit,llimit,alarmref) values(10008,'[svc1]svcinfo_inlinelv','【svc1】输入侧欠压状态',2,7,1,2,1,'','','',0,'','','',1,300,0.5,1,1200,2,1,10000,-10000,0);
insert into point(id,name,description,sourcetype,parenttype,parentid,pointtype,needarchive,artime,sntime,sndvalue,snivalue,arcdvalue,arcivalue,arcquality,snquality,timeout,cmpdev,cmpmintime,cmpmaxtime,ifalarm,alarmlevel,hlimit,llimit,alarmref) values(10009,'[svc1]svcinfo_cvhtalarm','【svc1】变压器超温报警状态',2,7,1,1,1,'','','',0,'','','',1,300,0.5,1,1200,2,1,10000,-10000,0);
insert into point(id,name,description,sourcetype,parenttype,parentid,pointtype,needarchive,artime,sntime,sndvalue,snivalue,arcdvalue,arcivalue,arcquality,snquality,timeout,cmpdev,cmpmintime,cmpmaxtime,ifalarm,alarmlevel,hlimit,llimit,alarmref) values(10010,'[svc1]svcinfo_cvlgalarm','【svc1】变压器轻瓦斯报警状态',2,7,1,1,1,'','','',0,'','','',1,300,0.5,1,1200,2,1,10000,-10000,0);
insert into point(id,name,description,sourcetype,parenttype,parentid,pointtype,needarchive,artime,sntime,sndvalue,snivalue,arcdvalue,arcivalue,arcquality,snquality,timeout,cmpdev,cmpmintime,cmpmaxtime,ifalarm,alarmlevel,hlimit,llimit,alarmref) values(10011,'[svc1]svcinfo_cvhgalarm','【svc1】变压器重瓦斯报警状态',2,7,1,1,1,'','','',0,'','','',1,300,0.5,1,1200,2,1,10000,-10000,0);
insert into point(id,name,description,sourcetype,parenttype,parentid,pointtype,needarchive,artime,sntime,sndvalue,snivalue,arcdvalue,arcivalue,arcquality,snquality,timeout,cmpdev,cmpmintime,cmpmaxtime,ifalarm,alarmlevel,hlimit,llimit,alarmref) values(10012,'[svc1]svcinfo_cvpressalarm','【svc1】变压器压力报警状态',2,7,1,1,1,'','','',0,'','','',1,300,0.5,1,1200,2,1,10000,-10000,0);
insert into point(id,name,description,sourcetype,parenttype,parentid,pointtype,needarchive,artime,sntime,sndvalue,snivalue,arcdvalue,arcivalue,arcquality,snquality,timeout,cmpdev,cmpmintime,cmpmaxtime,ifalarm,alarmlevel,hlimit,llimit,alarmref) values(10013,'[svc1]svcinfo_vconrtoltype','【svc1】电压控制类型',1,7,1,1,1,'','','',0,'','','',1,300,0.5,1,1200,2,1,10000,-10000,0);
insert into point(id,name,description,sourcetype,parenttype,parentid,pointtype,needarchive,artime,sntime,sndvalue,snivalue,arcdvalue,arcivalue,arcquality,snquality,timeout,cmpdev,cmpmintime,cmpmaxtime,ifalarm,alarmlevel,hlimit,llimit,alarmref) values(10014,'[svc1]svcinfo_netv','【svc1】电网电压',2,7,1,2,1,'','',0,'','','','',1,300,0.5,1,1200,2,1,10000,-10000,0);
insert into point(id,name,description,sourcetype,parenttype,parentid,pointtype,needarchive,artime,sntime,sndvalue,snivalue,arcdvalue,arcivalue,arcquality,snquality,timeout,cmpdev,cmpmintime,cmpmaxtime,ifalarm,alarmlevel,hlimit,llimit,alarmref) values(10015,'[svc1]svcinfo_neti','【svc1】电网电流',2,7,1,2,1,'','',0,'','','','',1,300,0.5,1,1200,2,1,10000,-10000,0);
insert into point(id,name,description,sourcetype,parenttype,parentid,pointtype,needarchive,artime,sntime,sndvalue,snivalue,arcdvalue,arcivalue,arcquality,snquality,timeout,cmpdev,cmpmintime,cmpmaxtime,ifalarm,alarmlevel,hlimit,llimit,alarmref) values(10016,'[svc1]svcinfo_svci','【svc1】svg电流',2,7,1,2,1,'','',0,'','','','',1,300,0.5,1,1200,2,1,10000,-10000,0);
insert into point(id,name,description,sourcetype,parenttype,parentid,pointtype,needarchive,artime,sntime,sndvalue,snivalue,arcdvalue,arcivalue,arcquality,snquality,timeout,cmpdev,cmpmintime,cmpmaxtime,ifalarm,alarmlevel,hlimit,llimit,alarmref) values(10017,'[svc1]svcinfo_sysp','【svc1】系统有功',2,7,1,2,1,'','',0,'','','','',1,300,0.5,1,1200,2,1,10000,-10000,0);
insert into point(id,name,description,sourcetype,parenttype,parentid,pointtype,needarchive,artime,sntime,sndvalue,snivalue,arcdvalue,arcivalue,arcquality,snquality,timeout,cmpdev,cmpmintime,cmpmaxtime,ifalarm,alarmlevel,hlimit,llimit,alarmref) values(10018,'[svc1]svcinfo_sysq','【svc1】系统无功',2,7,1,2,1,'','',0,'','','','',1,300,0.5,1,1200,2,1,10000,-10000,0);
insert into point(id,name,description,sourcetype,parenttype,parentid,pointtype,needarchive,artime,sntime,sndvalue,snivalue,arcdvalue,arcivalue,arcquality,snquality,timeout,cmpdev,cmpmintime,cmpmaxtime,ifalarm,alarmlevel,hlimit,llimit,alarmref) values(10019,'[svc1]svcinfo_sysappp','【svc1】系统视在功率',2,7,1,2,1,'','',0,'','','','',1,300,0.5,1,1200,2,1,10000,-10000,0);
insert into point(id,name,description,sourcetype,parenttype,parentid,pointtype,needarchive,artime,sntime,sndvalue,snivalue,arcdvalue,arcivalue,arcquality,snquality,timeout,cmpdev,cmpmintime,cmpmaxtime,ifalarm,alarmlevel,hlimit,llimit,alarmref) values(10020,'[svc1]svcinfo_syspfac','【svc1】系统功率因数',2,7,1,2,1,'','',0,'','','','',1,300,0.5,1,1200,2,1,10000,-10000,0);
insert into point(id,name,description,sourcetype,parenttype,parentid,pointtype,needarchive,artime,sntime,sndvalue,snivalue,arcdvalue,arcivalue,arcquality,snquality,timeout,cmpdev,cmpmintime,cmpmaxtime,ifalarm,alarmlevel,hlimit,llimit,alarmref) values(10021,'[svc1]svcinfo_qadjhlimit','【svc1】无功可调上限',1,7,1,2,1,'','',0,'','','','',1,300,0.5,1,1200,2,1,10000,-10000,0);
insert into point(id,name,description,sourcetype,parenttype,parentid,pointtype,needarchive,artime,sntime,sndvalue,snivalue,arcdvalue,arcivalue,arcquality,snquality,timeout,cmpdev,cmpmintime,cmpmaxtime,ifalarm,alarmlevel,hlimit,llimit,alarmref) values(10022,'[svc1]svcinfo_qadjllimit','【svc1】无功可调下限',1,7,1,2,1,'','',0,'','','','',1,300,0.5,1,1200,2,1,10000,-10000,0);
insert into point(id,name,description,sourcetype,parenttype,parentid,pointtype,needarchive,artime,sntime,sndvalue,snivalue,arcdvalue,arcivalue,arcquality,snquality,timeout,cmpdev,cmpmintime,cmpmaxtime,ifalarm,alarmlevel,hlimit,llimit,alarmref) values(10023,'[svc1]svcinfo_vadjhlimit','【svc1】电压可调上限',1,7,1,2,1,'','',1000,'','','','',1,300,0.5,1,1200,2,1,10000,-10000,0);
insert into point(id,name,description,sourcetype,parenttype,parentid,pointtype,needarchive,artime,sntime,sndvalue,snivalue,arcdvalue,arcivalue,arcquality,snquality,timeout,cmpdev,cmpmintime,cmpmaxtime,ifalarm,alarmlevel,hlimit,llimit,alarmref) values(10024,'[svc1]svcinfo_vadjllimit','【svc1】电压可调下限',1,7,1,2,1,'','',0,'','','','',1,300,0.5,1,1200,2,1,10000,-10000,0);
insert into point(id,name,description,sourcetype,parenttype,parentid,pointtype,needarchive,artime,sntime,sndvalue,snivalue,arcdvalue,arcivalue,arcquality,snquality,timeout,cmpdev,cmpmintime,cmpmaxtime,ifalarm,alarmlevel,hlimit,llimit,alarmref) values(10025,'[svc1]svcinfo_targetv','【svc1】电压调节目标指令',2,7,1,4,1,'','',0,'','','','',1,300,0.5,1,1200,2,1,10000,-10000,0);
insert into point(id,name,description,sourcetype,parenttype,parentid,pointtype,needarchive,artime,sntime,sndvalue,snivalue,arcdvalue,arcivalue,arcquality,snquality,timeout,cmpdev,cmpmintime,cmpmaxtime,ifalarm,alarmlevel,hlimit,llimit,alarmref) values(10026,'[svc1]svcinfo_deadareav','【svc1】目标电压死区',1,7,1,2,1,'','',0.3,'','','','',1,300,0.5,1,1200,2,1,10000,-10000,0);
insert into point(id,name,description,sourcetype,parenttype,parentid,pointtype,needarchive,artime,sntime,sndvalue,snivalue,arcdvalue,arcivalue,arcquality,snquality,timeout,cmpdev,cmpmintime,cmpmaxtime,ifalarm,alarmlevel,hlimit,llimit,alarmref) values(10027,'[svc1]svcinfo_adjmaxarea','【svc1】调节偏差范围',1,7,1,2,1,'','',0,'','','','',1,300,0.5,1,1200,2,1,10000,-10000,0);
insert into point(id,name,description,sourcetype,parenttype,parentid,pointtype,needarchive,artime,sntime,sndvalue,snivalue,arcdvalue,arcivalue,arcquality,snquality,timeout,cmpdev,cmpmintime,cmpmaxtime,ifalarm,alarmlevel,hlimit,llimit,alarmref) values(10028,'[svc1]svcinfo_standardv','【svc1】标准电压',1,7,1,2,1,'','',0,'','','','',1,300,0.5,1,1200,2,1,10000,-10000,0);
insert into point(id,name,description,sourcetype,parenttype,parentid,pointtype,needarchive,artime,sntime,sndvalue,snivalue,arcdvalue,arcivalue,arcquality,snquality,timeout,cmpdev,cmpmintime,cmpmaxtime,ifalarm,alarmlevel,hlimit,llimit,alarmref) values(10029,'[svc1]svcinfo_conintertime','【svc1】控制间隔时间',1,7,1,5,1,'','','',60,'','','',1,300,0.5,1,1200,2,1,10000,-10000,0);
insert into point(id,name,description,sourcetype,parenttype,parentid,pointtype,needarchive,artime,sntime,sndvalue,snivalue,arcdvalue,arcivalue,arcquality,snquality,timeout,cmpdev,cmpmintime,cmpmaxtime,ifalarm,alarmlevel,hlimit,llimit,alarmref) values(10417,'[svc1]svcinfo_svcmodstatus','【svc1】svc模式状态',1,7,1,5,1,'','','',1,'','','',1,300,0.5,1,1200,2,1,10000,-10000,0);

insert into point(id,name,description,sourcetype,parenttype,parentid,pointtype,needarchive,artime,sntime,sndvalue,snivalue,arcdvalue,arcivalue,arcquality,snquality,timeout,cmpdev,cmpmintime,cmpmaxtime,ifalarm,alarmlevel,hlimit,llimit,alarmref) values(10030,'[svg1]svginfo_run','【svg1】运行状态',2,8,1,5,1,'','','',1,'','','',1,300,0.5,1,1200,2,1,10000,-10000,0);
insert into point(id,name,description,sourcetype,parenttype,parentid,pointtype,needarchive,artime,sntime,sndvalue,snivalue,arcdvalue,arcivalue,arcquality,snquality,timeout,cmpdev,cmpmintime,cmpmaxtime,ifalarm,alarmlevel,hlimit,llimit,alarmref) values(10031,'[svg1]svginfo_error','【svg1】故障状态',2,8,1,1,1,'','','',0,'','','',1,300,0.5,1,1200,2,1,10000,-10000,0);
insert into point(id,name,description,sourcetype,parenttype,parentid,pointtype,needarchive,artime,sntime,sndvalue,snivalue,arcdvalue,arcivalue,arcquality,snquality,timeout,cmpdev,cmpmintime,cmpmaxtime,ifalarm,alarmlevel,hlimit,llimit,alarmref) values(10032,'[svg1]svginfo_ready','【svg1】就绪状态',2,8,1,1,1,'','','',0,'','','',1,300,0.5,1,1200,2,1,10000,-10000,0);
insert into point(id,name,description,sourcetype,parenttype,parentid,pointtype,needarchive,artime,sntime,sndvalue,snivalue,arcdvalue,arcivalue,arcquality,snquality,timeout,cmpdev,cmpmintime,cmpmaxtime,ifalarm,alarmlevel,hlimit,llimit,alarmref) values(10033,'[svg1]svginfo_breakersta','【svg1】断路器状态',2,8,1,1,1,'','','',0,'','','',1,300,0.5,1,1200,2,1,10000,-10000,0);
insert into point(id,name,description,sourcetype,parenttype,parentid,pointtype,needarchive,artime,sntime,sndvalue,snivalue,arcdvalue,arcivalue,arcquality,snquality,timeout,cmpdev,cmpmintime,cmpmaxtime,ifalarm,alarmlevel,hlimit,llimit,alarmref) values(10034,'[svg1]svginfo_hdiscsta','【svg1】上级接地刀闸状态',2,8,1,1,1,'','','',0,'','','',1,300,0.5,1,1200,2,1,10000,-10000,0);
insert into point(id,name,description,sourcetype,parenttype,parentid,pointtype,needarchive,artime,sntime,sndvalue,snivalue,arcdvalue,arcivalue,arcquality,snquality,timeout,cmpdev,cmpmintime,cmpmaxtime,ifalarm,alarmlevel,hlimit,llimit,alarmref) values(10035,'[svg1]svginfo_hisosta','【svg1】上级隔离开关状态',2,8,1,1,1,'','','',0,'','','',1,300,0.5,1,1200,2,1,10000,-10000,0);
insert into point(id,name,description,sourcetype,parenttype,parentid,pointtype,needarchive,artime,sntime,sndvalue,snivalue,arcdvalue,arcivalue,arcquality,snquality,timeout,cmpdev,cmpmintime,cmpmaxtime,ifalarm,alarmlevel,hlimit,llimit,alarmref) values(10036,'[svg1]svginfo_inlinehv','【svg1】输入侧过压状态',2,8,1,1,1,'','','',0,'','','',1,300,0.5,1,1200,2,1,10000,-10000,0);
insert into point(id,name,description,sourcetype,parenttype,parentid,pointtype,needarchive,artime,sntime,sndvalue,snivalue,arcdvalue,arcivalue,arcquality,snquality,timeout,cmpdev,cmpmintime,cmpmaxtime,ifalarm,alarmlevel,hlimit,llimit,alarmref) values(10037,'[svg1]svginfo_inlinelv','【svg1】输入侧欠压状态',2,8,1,1,1,'','','',0,'','','',1,300,0.5,1,1200,2,1,10000,-10000,0);
insert into point(id,name,description,sourcetype,parenttype,parentid,pointtype,needarchive,artime,sntime,sndvalue,snivalue,arcdvalue,arcivalue,arcquality,snquality,timeout,cmpdev,cmpmintime,cmpmaxtime,ifalarm,alarmlevel,hlimit,llimit,alarmref) values(10038,'[svg1]svginfo_cvhtalarm','【svg1】变压器超温报警状态',2,8,1,1,1,'','','',0,'','','',1,300,0.5,1,1200,2,1,10000,-10000,0);
insert into point(id,name,description,sourcetype,parenttype,parentid,pointtype,needarchive,artime,sntime,sndvalue,snivalue,arcdvalue,arcivalue,arcquality,snquality,timeout,cmpdev,cmpmintime,cmpmaxtime,ifalarm,alarmlevel,hlimit,llimit,alarmref) values(10039,'[svg1]svginfo_cvlgalarm','【svg1】变压器轻瓦斯报警状态',2,8,1,1,1,'','','',0,'','','',1,300,0.5,1,1200,2,1,10000,-10000,0);
insert into point(id,name,description,sourcetype,parenttype,parentid,pointtype,needarchive,artime,sntime,sndvalue,snivalue,arcdvalue,arcivalue,arcquality,snquality,timeout,cmpdev,cmpmintime,cmpmaxtime,ifalarm,alarmlevel,hlimit,llimit,alarmref) values(10040,'[svg1]svginfo_cvhgalarm','【svg1】变压器重瓦斯报警状态',2,8,1,1,1,'','','',0,'','','',1,300,0.5,1,1200,2,1,10000,-10000,0);
insert into point(id,name,description,sourcetype,parenttype,parentid,pointtype,needarchive,artime,sntime,sndvalue,snivalue,arcdvalue,arcivalue,arcquality,snquality,timeout,cmpdev,cmpmintime,cmpmaxtime,ifalarm,alarmlevel,hlimit,llimit,alarmref) values(10041,'[svg1]svginfo_cvpressalarm','【svg1】变压器压力报警状态',2,8,1,1,1,'','','',0,'','','',1,300,0.5,1,1200,2,1,10000,-10000,0);
insert into point(id,name,description,sourcetype,parenttype,parentid,pointtype,needarchive,artime,sntime,sndvalue,snivalue,arcdvalue,arcivalue,arcquality,snquality,timeout,cmpdev,cmpmintime,cmpmaxtime,ifalarm,alarmlevel,hlimit,llimit,alarmref) values(10042,'[svg1]svginfo_vconrtoltype','【svg1】电压控制类型',1,8,1,1,1,'','','',0,'','','',1,300,0.5,1,1200,2,1,10000,-10000,0);
insert into point(id,name,description,sourcetype,parenttype,parentid,pointtype,needarchive,artime,sntime,sndvalue,snivalue,arcdvalue,arcivalue,arcquality,snquality,timeout,cmpdev,cmpmintime,cmpmaxtime,ifalarm,alarmlevel,hlimit,llimit,alarmref) values(10043,'[svg1]svginfo_netv','【svg1】电网电压',2,8,1,2,1,'','',0,'','','','',1,300,0.5,1,1200,2,1,10000,-10000,0);
insert into point(id,name,description,sourcetype,parenttype,parentid,pointtype,needarchive,artime,sntime,sndvalue,snivalue,arcdvalue,arcivalue,arcquality,snquality,timeout,cmpdev,cmpmintime,cmpmaxtime,ifalarm,alarmlevel,hlimit,llimit,alarmref) values(10044,'[svg1]svginfo_neti','【svg1】电网电流',2,8,1,2,1,'','',0,'','','','',1,300,0.5,1,1200,2,1,10000,-10000,0);
insert into point(id,name,description,sourcetype,parenttype,parentid,pointtype,needarchive,artime,sntime,sndvalue,snivalue,arcdvalue,arcivalue,arcquality,snquality,timeout,cmpdev,cmpmintime,cmpmaxtime,ifalarm,alarmlevel,hlimit,llimit,alarmref) values(10045,'[svg1]svginfo_svgi','【svg1】svg电流',2,8,1,2,1,'','',0,'','','','',1,300,0.5,1,1200,2,1,10000,-10000,0);
insert into point(id,name,description,sourcetype,parenttype,parentid,pointtype,needarchive,artime,sntime,sndvalue,snivalue,arcdvalue,arcivalue,arcquality,snquality,timeout,cmpdev,cmpmintime,cmpmaxtime,ifalarm,alarmlevel,hlimit,llimit,alarmref) values(10046,'[svg1]svginfo_sysp','【svg1】系统有功',2,8,1,2,1,'','',0,'','','','',1,300,0.5,1,1200,2,1,10000,-10000,0);
insert into point(id,name,description,sourcetype,parenttype,parentid,pointtype,needarchive,artime,sntime,sndvalue,snivalue,arcdvalue,arcivalue,arcquality,snquality,timeout,cmpdev,cmpmintime,cmpmaxtime,ifalarm,alarmlevel,hlimit,llimit,alarmref) values(10047,'[svg1]svginfo_sysq','【svg1】系统无功',2,8,1,2,1,'','',0,'','','','',1,300,0.5,1,1200,2,1,10000,-10000,0);
insert into point(id,name,description,sourcetype,parenttype,parentid,pointtype,needarchive,artime,sntime,sndvalue,snivalue,arcdvalue,arcivalue,arcquality,snquality,timeout,cmpdev,cmpmintime,cmpmaxtime,ifalarm,alarmlevel,hlimit,llimit,alarmref) values(10048,'[svg1]svginfo_sysappp','【svg1】系统视在功率',2,8,1,2,1,'','',0,'','','','',1,300,0.5,1,1200,2,1,10000,-10000,0);
insert into point(id,name,description,sourcetype,parenttype,parentid,pointtype,needarchive,artime,sntime,sndvalue,snivalue,arcdvalue,arcivalue,arcquality,snquality,timeout,cmpdev,cmpmintime,cmpmaxtime,ifalarm,alarmlevel,hlimit,llimit,alarmref) values(10049,'[svg1]svginfo_syspfac','【svg1】系统功率因数',2,8,1,2,1,'','',0,'','','','',1,300,0.5,1,1200,2,1,10000,-10000,0);
insert into point(id,name,description,sourcetype,parenttype,parentid,pointtype,needarchive,artime,sntime,sndvalue,snivalue,arcdvalue,arcivalue,arcquality,snquality,timeout,cmpdev,cmpmintime,cmpmaxtime,ifalarm,alarmlevel,hlimit,llimit,alarmref) values(10050,'[svg1]svginfo_qadjhlimit','【svg1】无功可调上限',1,8,1,2,1,'','',0,'','','','',1,300,0.5,1,1200,2,1,10000,-10000,0);
insert into point(id,name,description,sourcetype,parenttype,parentid,pointtype,needarchive,artime,sntime,sndvalue,snivalue,arcdvalue,arcivalue,arcquality,snquality,timeout,cmpdev,cmpmintime,cmpmaxtime,ifalarm,alarmlevel,hlimit,llimit,alarmref) values(10051,'[svg1]svginfo_qadjllimit','【svg1】无功可调下限',1,8,1,2,1,'','',0,'','','','',1,300,0.5,1,1200,2,1,10000,-10000,0);
insert into point(id,name,description,sourcetype,parenttype,parentid,pointtype,needarchive,artime,sntime,sndvalue,snivalue,arcdvalue,arcivalue,arcquality,snquality,timeout,cmpdev,cmpmintime,cmpmaxtime,ifalarm,alarmlevel,hlimit,llimit,alarmref) values(10052,'[svg1]svginfo_vadjhlimit','【svg1】电压可调上限',1,8,1,2,1,'','',1000,'','','','',1,300,0.5,1,1200,2,1,10000,-10000,0);
insert into point(id,name,description,sourcetype,parenttype,parentid,pointtype,needarchive,artime,sntime,sndvalue,snivalue,arcdvalue,arcivalue,arcquality,snquality,timeout,cmpdev,cmpmintime,cmpmaxtime,ifalarm,alarmlevel,hlimit,llimit,alarmref) values(10053,'[svg1]svginfo_vadjllimit','【svg1】电压可调下限',1,8,1,2,1,'','',0,'','','','',1,300,0.5,1,1200,2,1,10000,-10000,0);
insert into point(id,name,description,sourcetype,parenttype,parentid,pointtype,needarchive,artime,sntime,sndvalue,snivalue,arcdvalue,arcivalue,arcquality,snquality,timeout,cmpdev,cmpmintime,cmpmaxtime,ifalarm,alarmlevel,hlimit,llimit,alarmref) values(10054,'[svg1]svginfo_targetv','【svg1】电压调节目标指令',2,8,1,4,1,'','',0,'','','','',1,300,0.5,1,1200,2,1,10000,-10000,0);
insert into point(id,name,description,sourcetype,parenttype,parentid,pointtype,needarchive,artime,sntime,sndvalue,snivalue,arcdvalue,arcivalue,arcquality,snquality,timeout,cmpdev,cmpmintime,cmpmaxtime,ifalarm,alarmlevel,hlimit,llimit,alarmref) values(10055,'[svg1]svginfo_deadareav','【svg1】目标电压死区',1,8,1,2,1,'','',0.3,'','','','',1,300,0.5,1,1200,2,1,10000,-10000,0);
insert into point(id,name,description,sourcetype,parenttype,parentid,pointtype,needarchive,artime,sntime,sndvalue,snivalue,arcdvalue,arcivalue,arcquality,snquality,timeout,cmpdev,cmpmintime,cmpmaxtime,ifalarm,alarmlevel,hlimit,llimit,alarmref) values(10056,'[svg1]svginfo_adjmaxarea','【svg1】调节偏差范围',1,8,1,2,1,'','',2,'','','','',1,300,0.5,1,1200,2,1,10000,-10000,0);
insert into point(id,name,description,sourcetype,parenttype,parentid,pointtype,needarchive,artime,sntime,sndvalue,snivalue,arcdvalue,arcivalue,arcquality,snquality,timeout,cmpdev,cmpmintime,cmpmaxtime,ifalarm,alarmlevel,hlimit,llimit,alarmref) values(10057,'[svg1]svginfo_standardv','【svg1】标准电压',1,8,1,2,1,'','',0,'','','','',1,300,0.5,1,1200,2,1,10000,-10000,0);
insert into point(id,name,description,sourcetype,parenttype,parentid,pointtype,needarchive,artime,sntime,sndvalue,snivalue,arcdvalue,arcivalue,arcquality,snquality,timeout,cmpdev,cmpmintime,cmpmaxtime,ifalarm,alarmlevel,hlimit,llimit,alarmref) values(10058,'[svg1]svginfo_conintertime','【svg1】控制间隔时间',1,8,1,5,1,'','','',60,'','','',1,300,0.5,1,1200,2,1,10000,-10000,0);
insert into point(id,name,description,sourcetype,parenttype,parentid,pointtype,needarchive,artime,sntime,sndvalue,snivalue,arcdvalue,arcivalue,arcquality,snquality,timeout,cmpdev,cmpmintime,cmpmaxtime,ifalarm,alarmlevel,hlimit,llimit,alarmref) values(10416,'[svg1]svginfo_svgmodstatus','【svg1】svg模式状态',1,8,1,5,1,'','','',1,'','','',1,300,0.5,1,1200,2,1,10000,-10000,0);
insert into point(id,name,description,sourcetype,parenttype,parentid,pointtype,needarchive,artime,sntime,sndvalue,snivalue,arcdvalue,arcivalue,arcquality,snquality,timeout,cmpdev,cmpmintime,cmpmaxtime,ifalarm,alarmlevel,hlimit,llimit,alarmref) values(10059,'[bstation1]bstationtie_targetpos','【bstation1】分接头目标档位',2,11,1,6,1,'','','',1,'','','',1,300,0.5,1,1200,2,1,10000,-10000,0);
insert into point(id,name,description,sourcetype,parenttype,parentid,pointtype,needarchive,artime,sntime,sndvalue,snivalue,arcdvalue,arcivalue,arcquality,snquality,timeout,cmpdev,cmpmintime,cmpmaxtime,ifalarm,alarmlevel,hlimit,llimit,alarmref) values(10060,'[bstation1]bstationtie_posnum','【bstation1】分接头档位个数',1,11,1,5,1,'','','',5,'','','',1,300,0.5,1,1200,2,1,10000,-10000,0);
insert into point(id,name,description,sourcetype,parenttype,parentid,pointtype,needarchive,artime,sntime,sndvalue,snivalue,arcdvalue,arcivalue,arcquality,snquality,timeout,cmpdev,cmpmintime,cmpmaxtime,ifalarm,alarmlevel,hlimit,llimit,alarmref) values(10061,'[bstation1]bstationtie_avcintertime','【bstation1】分接头控制间隔时间',1,11,1,5,1,'','','',120,'','','',1,300,0.5,1,1200,2,1,10000,-10000,0);
insert into point(id,name,description,sourcetype,parenttype,parentid,pointtype,needarchive,artime,sntime,sndvalue,snivalue,arcdvalue,arcivalue,arcquality,snquality,timeout,cmpdev,cmpmintime,cmpmaxtime,ifalarm,alarmlevel,hlimit,llimit,alarmref) values(10070,'[IT0001]itinfo_p','【IT0001】逆变器有功',2,4,1,2,1,'','',0,'','','','',1,300,0.5,1,1200,2,1,10000,-10000,0);
insert into point(id,name,description,sourcetype,parenttype,parentid,pointtype,needarchive,artime,sntime,sndvalue,snivalue,arcdvalue,arcivalue,arcquality,snquality,timeout,cmpdev,cmpmintime,cmpmaxtime,ifalarm,alarmlevel,hlimit,llimit,alarmref) values(10071,'[IT0001]itinfo_q','【IT0001】逆变器无功',2,4,1,2,1,'','',0,'','','','',1,300,0.5,1,1200,2,1,10000,-10000,0);
insert into point(id,name,description,sourcetype,parenttype,parentid,pointtype,needarchive,artime,sntime,sndvalue,snivalue,arcdvalue,arcivalue,arcquality,snquality,timeout,cmpdev,cmpmintime,cmpmaxtime,ifalarm,alarmlevel,hlimit,llimit,alarmref) values(10072,'[IT0001]itinfo_tp','【IT0001】逆变器理论有功',2,4,1,2,1,'','',0,'','','','',1,300,0.5,1,1200,2,1,10000,-10000,0);
insert into point(id,name,description,sourcetype,parenttype,parentid,pointtype,needarchive,artime,sntime,sndvalue,snivalue,arcdvalue,arcivalue,arcquality,snquality,timeout,cmpdev,cmpmintime,cmpmaxtime,ifalarm,alarmlevel,hlimit,llimit,alarmref) values(10073,'[IT0001]itinfo_rcap','【IT0001】逆变器实时开机容量',1,4,1,2,1,'','',0,'','','','',1,300,0.5,1,1200,2,1,10000,-10000,0);
insert into point(id,name,description,sourcetype,parenttype,parentid,pointtype,needarchive,artime,sntime,sndvalue,snivalue,arcdvalue,arcivalue,arcquality,snquality,timeout,cmpdev,cmpmintime,cmpmaxtime,ifalarm,alarmlevel,hlimit,llimit,alarmref) values(10074,'[IT0001]itinfo_rpower','【IT0001】逆变器日累计电量',2,4,1,2,1,'','',0,'','','','',1,300,0.5,1,1200,2,1,10000,-10000,0);
insert into point(id,name,description,sourcetype,parenttype,parentid,pointtype,needarchive,artime,sntime,sndvalue,snivalue,arcdvalue,arcivalue,arcquality,snquality,timeout,cmpdev,cmpmintime,cmpmaxtime,ifalarm,alarmlevel,hlimit,llimit,alarmref) values(10075,'[IT0001]itinfo_tpower','【IT0001】逆变器日理论电量',2,4,1,2,1,'','',0,'','','','',1,300,0.5,1,1200,2,1,10000,-10000,0);
#insert into point(id,name,description,sourcetype,parenttype,parentid,pointtype,needarchive,artime,sntime,sndvalue,snivalue,arcdvalue,arcivalue,arcquality,snquality,timeout,cmpdev,cmpmintime,cmpmaxtime,ifalarm,alarmlevel,hlimit,llimit,alarmref) values(10076,'itinfo_start_1','',0,4,1,3,1,'','','',1,'','','',1,300,0.5,1,1200);
insert into point(id,name,description,sourcetype,parenttype,parentid,pointtype,needarchive,artime,sntime,sndvalue,snivalue,arcdvalue,arcivalue,arcquality,snquality,timeout,cmpdev,cmpmintime,cmpmaxtime,ifalarm,alarmlevel,hlimit,llimit,alarmref) values(10077,'[IT0001]itinfo_runstatus','【IT0001】逆变器运行状态',2,4,1,5,1,'','','',1,'','','',1,300,0.5,1,1200,2,1,10000,-10000,0);
insert into point(id,name,description,sourcetype,parenttype,parentid,pointtype,needarchive,artime,sntime,sndvalue,snivalue,arcdvalue,arcivalue,arcquality,snquality,timeout,cmpdev,cmpmintime,cmpmaxtime,ifalarm,alarmlevel,hlimit,llimit,alarmref) values(10078,'[IT0002]itinfo_p','【IT0002】逆变器有功',2,4,2,2,1,'','',0,'','','','',1,300,0.5,1,1200,2,1,10000,-10000,0);
insert into point(id,name,description,sourcetype,parenttype,parentid,pointtype,needarchive,artime,sntime,sndvalue,snivalue,arcdvalue,arcivalue,arcquality,snquality,timeout,cmpdev,cmpmintime,cmpmaxtime,ifalarm,alarmlevel,hlimit,llimit,alarmref) values(10079,'[IT0002]itinfo_q','【IT0002】逆变器无功',2,4,2,2,1,'','',0,'','','','',1,300,0.5,1,1200,2,1,10000,-10000,0);
insert into point(id,name,description,sourcetype,parenttype,parentid,pointtype,needarchive,artime,sntime,sndvalue,snivalue,arcdvalue,arcivalue,arcquality,snquality,timeout,cmpdev,cmpmintime,cmpmaxtime,ifalarm,alarmlevel,hlimit,llimit,alarmref) values(10080,'[IT0002]itinfo_tp','【IT0002】逆变器理论有功',2,4,2,2,1,'','',0,'','','','',1,300,0.5,1,1200,2,1,10000,-10000,0);
insert into point(id,name,description,sourcetype,parenttype,parentid,pointtype,needarchive,artime,sntime,sndvalue,snivalue,arcdvalue,arcivalue,arcquality,snquality,timeout,cmpdev,cmpmintime,cmpmaxtime,ifalarm,alarmlevel,hlimit,llimit,alarmref) values(10081,'[IT0002]itinfo_rcap','【IT0002】逆变器实时开机容量',1,4,2,2,1,'','',0,'','','','',1,300,0.5,1,1200,2,1,10000,-10000,0);
insert into point(id,name,description,sourcetype,parenttype,parentid,pointtype,needarchive,artime,sntime,sndvalue,snivalue,arcdvalue,arcivalue,arcquality,snquality,timeout,cmpdev,cmpmintime,cmpmaxtime,ifalarm,alarmlevel,hlimit,llimit,alarmref) values(10082,'[IT0002]itinfo_rpower','【IT0002】逆变器日累计电量',2,4,2,2,1,'','',0,'','','','',1,300,0.5,1,1200,2,1,10000,-10000,0);
insert into point(id,name,description,sourcetype,parenttype,parentid,pointtype,needarchive,artime,sntime,sndvalue,snivalue,arcdvalue,arcivalue,arcquality,snquality,timeout,cmpdev,cmpmintime,cmpmaxtime,ifalarm,alarmlevel,hlimit,llimit,alarmref) values(10083,'[IT0002]itinfo_tpower','【IT0002】逆变器日理论电量',2,4,2,2,1,'','',0,'','','','',1,300,0.5,1,1200,2,1,10000,-10000,0);
#insert into point(id,name,description,sourcetype,parenttype,parentid,pointtype,needarchive,artime,sntime,sndvalue,snivalue,arcdvalue,arcivalue,arcquality,snquality,timeout,cmpdev,cmpmintime,cmpmaxtime,ifalarm,alarmlevel,hlimit,llimit,alarmref) values(10084,'itinfo_start_2','',0,4,2,3,1,'','','',1,'','','',1,300,0.5,1,1200);
insert into point(id,name,description,sourcetype,parenttype,parentid,pointtype,needarchive,artime,sntime,sndvalue,snivalue,arcdvalue,arcivalue,arcquality,snquality,timeout,cmpdev,cmpmintime,cmpmaxtime,ifalarm,alarmlevel,hlimit,llimit,alarmref) values(10085,'[IT0002]itinfo_runstatus','【IT0002】逆变器运行状态',2,4,2,5,1,'','','',1,'','','',1,300,0.5,1,1200,2,1,10000,-10000,0);
insert into point(id,name,description,sourcetype,parenttype,parentid,pointtype,needarchive,artime,sntime,sndvalue,snivalue,arcdvalue,arcivalue,arcquality,snquality,timeout,cmpdev,cmpmintime,cmpmaxtime,ifalarm,alarmlevel,hlimit,llimit,alarmref) values(10086,'[IT0003]itinfo_p','【IT0003】逆变器有功',2,4,3,2,1,'','',0,'','','','',1,300,0.5,1,1200,2,1,10000,-10000,0);
insert into point(id,name,description,sourcetype,parenttype,parentid,pointtype,needarchive,artime,sntime,sndvalue,snivalue,arcdvalue,arcivalue,arcquality,snquality,timeout,cmpdev,cmpmintime,cmpmaxtime,ifalarm,alarmlevel,hlimit,llimit,alarmref) values(10087,'[IT0003]itinfo_q','【IT0003】逆变器无功',2,4,3,2,1,'','',0,'','','','',1,300,0.5,1,1200,2,1,10000,-10000,0);
insert into point(id,name,description,sourcetype,parenttype,parentid,pointtype,needarchive,artime,sntime,sndvalue,snivalue,arcdvalue,arcivalue,arcquality,snquality,timeout,cmpdev,cmpmintime,cmpmaxtime,ifalarm,alarmlevel,hlimit,llimit,alarmref) values(10088,'[IT0003]itinfo_tp','【IT0003】逆变器理论有功',2,4,3,2,1,'','',0,'','','','',1,300,0.5,1,1200,2,1,10000,-10000,0);
insert into point(id,name,description,sourcetype,parenttype,parentid,pointtype,needarchive,artime,sntime,sndvalue,snivalue,arcdvalue,arcivalue,arcquality,snquality,timeout,cmpdev,cmpmintime,cmpmaxtime,ifalarm,alarmlevel,hlimit,llimit,alarmref) values(10089,'[IT0003]itinfo_rcap','【IT0003】逆变器实时开机容量',1,4,3,2,1,'','',0,'','','','',1,300,0.5,1,1200,2,1,10000,-10000,0);
insert into point(id,name,description,sourcetype,parenttype,parentid,pointtype,needarchive,artime,sntime,sndvalue,snivalue,arcdvalue,arcivalue,arcquality,snquality,timeout,cmpdev,cmpmintime,cmpmaxtime,ifalarm,alarmlevel,hlimit,llimit,alarmref) values(10090,'[IT0003]itinfo_rpower','【IT0003】逆变器日累计电量',2,4,3,2,1,'','',0,'','','','',1,300,0.5,1,1200,2,1,10000,-10000,0);
insert into point(id,name,description,sourcetype,parenttype,parentid,pointtype,needarchive,artime,sntime,sndvalue,snivalue,arcdvalue,arcivalue,arcquality,snquality,timeout,cmpdev,cmpmintime,cmpmaxtime,ifalarm,alarmlevel,hlimit,llimit,alarmref) values(10091,'[IT0003]itinfo_tpower','【IT0003】逆变器日理论电量',2,4,3,2,1,'','',0,'','','','',1,300,0.5,1,1200,2,1,10000,-10000,0);
#insert into point(id,name,description,sourcetype,parenttype,parentid,pointtype,needarchive,artime,sntime,sndvalue,snivalue,arcdvalue,arcivalue,arcquality,snquality,timeout,cmpdev,cmpmintime,cmpmaxtime,ifalarm,alarmlevel,hlimit,llimit,alarmref) values(10092,'itinfo_start_3','',0,4,3,3,1,'','','',1,'','','',1,300,0.5,1,1200);
insert into point(id,name,description,sourcetype,parenttype,parentid,pointtype,needarchive,artime,sntime,sndvalue,snivalue,arcdvalue,arcivalue,arcquality,snquality,timeout,cmpdev,cmpmintime,cmpmaxtime,ifalarm,alarmlevel,hlimit,llimit,alarmref) values(10093,'[IT0003]itinfo_runstatus','【IT0003】逆变器运行状态',2,4,3,5,1,'','','',1,'','','',1,300,0.5,1,1200,2,1,10000,-10000,0);
insert into point(id,name,description,sourcetype,parenttype,parentid,pointtype,needarchive,artime,sntime,sndvalue,snivalue,arcdvalue,arcivalue,arcquality,snquality,timeout,cmpdev,cmpmintime,cmpmaxtime,ifalarm,alarmlevel,hlimit,llimit,alarmref) values(10094,'[IT0004]itinfo_p','【IT0004】逆变器有功',2,4,4,2,1,'','',0,'','','','',1,300,0.5,1,1200,2,1,10000,-10000,0);
insert into point(id,name,description,sourcetype,parenttype,parentid,pointtype,needarchive,artime,sntime,sndvalue,snivalue,arcdvalue,arcivalue,arcquality,snquality,timeout,cmpdev,cmpmintime,cmpmaxtime,ifalarm,alarmlevel,hlimit,llimit,alarmref) values(10095,'[IT0004]itinfo_q','【IT0004】逆变器无功',2,4,4,2,1,'','',0,'','','','',1,300,0.5,1,1200,2,1,10000,-10000,0);
insert into point(id,name,description,sourcetype,parenttype,parentid,pointtype,needarchive,artime,sntime,sndvalue,snivalue,arcdvalue,arcivalue,arcquality,snquality,timeout,cmpdev,cmpmintime,cmpmaxtime,ifalarm,alarmlevel,hlimit,llimit,alarmref) values(10096,'[IT0004]itinfo_tp','【IT0004】逆变器理论有功',2,4,4,2,1,'','',0,'','','','',1,300,0.5,1,1200,2,1,10000,-10000,0);
insert into point(id,name,description,sourcetype,parenttype,parentid,pointtype,needarchive,artime,sntime,sndvalue,snivalue,arcdvalue,arcivalue,arcquality,snquality,timeout,cmpdev,cmpmintime,cmpmaxtime,ifalarm,alarmlevel,hlimit,llimit,alarmref) values(10097,'[IT0004]itinfo_rcap','【IT0004】逆变器实时开机容量',1,4,4,2,1,'','',0,'','','','',1,300,0.5,1,1200,2,1,10000,-10000,0);
insert into point(id,name,description,sourcetype,parenttype,parentid,pointtype,needarchive,artime,sntime,sndvalue,snivalue,arcdvalue,arcivalue,arcquality,snquality,timeout,cmpdev,cmpmintime,cmpmaxtime,ifalarm,alarmlevel,hlimit,llimit,alarmref) values(10098,'[IT0004]itinfo_rpower','【IT0004】逆变器日累计电量',2,4,4,2,1,'','',0,'','','','',1,300,0.5,1,1200,2,1,10000,-10000,0);
insert into point(id,name,description,sourcetype,parenttype,parentid,pointtype,needarchive,artime,sntime,sndvalue,snivalue,arcdvalue,arcivalue,arcquality,snquality,timeout,cmpdev,cmpmintime,cmpmaxtime,ifalarm,alarmlevel,hlimit,llimit,alarmref) values(10099,'[IT0004]itinfo_tpower','【IT0004】逆变器日理论电量',2,4,4,2,1,'','',0,'','','','',1,300,0.5,1,1200,2,1,10000,-10000,0);
#insert into point(id,name,description,sourcetype,parenttype,parentid,pointtype,needarchive,artime,sntime,sndvalue,snivalue,arcdvalue,arcivalue,arcquality,snquality,timeout,cmpdev,cmpmintime,cmpmaxtime,ifalarm,alarmlevel,hlimit,llimit,alarmref) values(10100,'itinfo_start_4','',0,4,4,3,1,'','','',1,'','','',1,300,0.5,1,1200);
insert into point(id,name,description,sourcetype,parenttype,parentid,pointtype,needarchive,artime,sntime,sndvalue,snivalue,arcdvalue,arcivalue,arcquality,snquality,timeout,cmpdev,cmpmintime,cmpmaxtime,ifalarm,alarmlevel,hlimit,llimit,alarmref) values(10101,'[IT0004]itinfo_runstatus','【IT0004】逆变器运行状态',2,4,4,5,1,'','','',1,'','','',1,300,0.5,1,1200,2,1,10000,-10000,0);
insert into point(id,name,description,sourcetype,parenttype,parentid,pointtype,needarchive,artime,sntime,sndvalue,snivalue,arcdvalue,arcivalue,arcquality,snquality,timeout,cmpdev,cmpmintime,cmpmaxtime,ifalarm,alarmlevel,hlimit,llimit,alarmref) values(10102,'[IT0005]itinfo_p','【IT0005】逆变器有功',2,4,5,2,1,'','',0,'','','','',1,300,0.5,1,1200,2,1,10000,-10000,0);
insert into point(id,name,description,sourcetype,parenttype,parentid,pointtype,needarchive,artime,sntime,sndvalue,snivalue,arcdvalue,arcivalue,arcquality,snquality,timeout,cmpdev,cmpmintime,cmpmaxtime,ifalarm,alarmlevel,hlimit,llimit,alarmref) values(10103,'[IT0005]itinfo_q','【IT0005】逆变器无功',2,4,5,2,1,'','',0,'','','','',1,300,0.5,1,1200,2,1,10000,-10000,0);
insert into point(id,name,description,sourcetype,parenttype,parentid,pointtype,needarchive,artime,sntime,sndvalue,snivalue,arcdvalue,arcivalue,arcquality,snquality,timeout,cmpdev,cmpmintime,cmpmaxtime,ifalarm,alarmlevel,hlimit,llimit,alarmref) values(10104,'[IT0005]itinfo_tp','【IT0005】逆变器理论有功',2,4,5,2,1,'','',0,'','','','',1,300,0.5,1,1200,2,1,10000,-10000,0);
insert into point(id,name,description,sourcetype,parenttype,parentid,pointtype,needarchive,artime,sntime,sndvalue,snivalue,arcdvalue,arcivalue,arcquality,snquality,timeout,cmpdev,cmpmintime,cmpmaxtime,ifalarm,alarmlevel,hlimit,llimit,alarmref) values(10105,'[IT0005]itinfo_rcap','【IT0005】逆变器实时开机容量',1,4,5,2,1,'','',0,'','','','',1,300,0.5,1,1200,2,1,10000,-10000,0);
insert into point(id,name,description,sourcetype,parenttype,parentid,pointtype,needarchive,artime,sntime,sndvalue,snivalue,arcdvalue,arcivalue,arcquality,snquality,timeout,cmpdev,cmpmintime,cmpmaxtime,ifalarm,alarmlevel,hlimit,llimit,alarmref) values(10106,'[IT0005]itinfo_rpower','【IT0005】逆变器日累计电量',2,4,5,2,1,'','',0,'','','','',1,300,0.5,1,1200,2,1,10000,-10000,0);
insert into point(id,name,description,sourcetype,parenttype,parentid,pointtype,needarchive,artime,sntime,sndvalue,snivalue,arcdvalue,arcivalue,arcquality,snquality,timeout,cmpdev,cmpmintime,cmpmaxtime,ifalarm,alarmlevel,hlimit,llimit,alarmref) values(10107,'[IT0005]itinfo_tpower','【IT0005】逆变器日理论电量',2,4,5,2,1,'','',0,'','','','',1,300,0.5,1,1200,2,1,10000,-10000,0);
#insert into point(id,name,description,sourcetype,parenttype,parentid,pointtype,needarchive,artime,sntime,sndvalue,snivalue,arcdvalue,arcivalue,arcquality,snquality,timeout,cmpdev,cmpmintime,cmpmaxtime,ifalarm,alarmlevel,hlimit,llimit,alarmref) values(10108,'itinfo_start_5','',0,4,5,3,1,'','','',1,'','','',1,300,0.5,1,1200);
insert into point(id,name,description,sourcetype,parenttype,parentid,pointtype,needarchive,artime,sntime,sndvalue,snivalue,arcdvalue,arcivalue,arcquality,snquality,timeout,cmpdev,cmpmintime,cmpmaxtime,ifalarm,alarmlevel,hlimit,llimit,alarmref) values(10109,'[IT0005]itinfo_runstatus','【IT0005】逆变器运行状态',2,4,5,5,1,'','','',1,'','','',1,300,0.5,1,1200,2,1,10000,-10000,0);
insert into point(id,name,description,sourcetype,parenttype,parentid,pointtype,needarchive,artime,sntime,sndvalue,snivalue,arcdvalue,arcivalue,arcquality,snquality,timeout,cmpdev,cmpmintime,cmpmaxtime,ifalarm,alarmlevel,hlimit,llimit,alarmref) values(10110,'[IT0006]itinfo_p','【IT0006】逆变器有功',2,4,6,2,1,'','',0,'','','','',1,300,0.5,1,1200,2,1,10000,-10000,0);
insert into point(id,name,description,sourcetype,parenttype,parentid,pointtype,needarchive,artime,sntime,sndvalue,snivalue,arcdvalue,arcivalue,arcquality,snquality,timeout,cmpdev,cmpmintime,cmpmaxtime,ifalarm,alarmlevel,hlimit,llimit,alarmref) values(10111,'[IT0006]itinfo_q','【IT0006】逆变器无功',2,4,6,2,1,'','',0,'','','','',1,300,0.5,1,1200,2,1,10000,-10000,0);
insert into point(id,name,description,sourcetype,parenttype,parentid,pointtype,needarchive,artime,sntime,sndvalue,snivalue,arcdvalue,arcivalue,arcquality,snquality,timeout,cmpdev,cmpmintime,cmpmaxtime,ifalarm,alarmlevel,hlimit,llimit,alarmref) values(10112,'[IT0006]itinfo_tp','【IT0006】逆变器理论有功',2,4,6,2,1,'','',0,'','','','',1,300,0.5,1,1200,2,1,10000,-10000,0);
insert into point(id,name,description,sourcetype,parenttype,parentid,pointtype,needarchive,artime,sntime,sndvalue,snivalue,arcdvalue,arcivalue,arcquality,snquality,timeout,cmpdev,cmpmintime,cmpmaxtime,ifalarm,alarmlevel,hlimit,llimit,alarmref) values(10113,'[IT0006]itinfo_rcap','【IT0006】逆变器实时开机容量',1,4,6,2,1,'','',0,'','','','',1,300,0.5,1,1200,2,1,10000,-10000,0);
insert into point(id,name,description,sourcetype,parenttype,parentid,pointtype,needarchive,artime,sntime,sndvalue,snivalue,arcdvalue,arcivalue,arcquality,snquality,timeout,cmpdev,cmpmintime,cmpmaxtime,ifalarm,alarmlevel,hlimit,llimit,alarmref) values(10114,'[IT0006]itinfo_rpower','【IT0006】逆变器日累计电量',2,4,6,2,1,'','',0,'','','','',1,300,0.5,1,1200,2,1,10000,-10000,0);
insert into point(id,name,description,sourcetype,parenttype,parentid,pointtype,needarchive,artime,sntime,sndvalue,snivalue,arcdvalue,arcivalue,arcquality,snquality,timeout,cmpdev,cmpmintime,cmpmaxtime,ifalarm,alarmlevel,hlimit,llimit,alarmref) values(10115,'[IT0006]itinfo_tpower','【IT0006】逆变器日理论电量',2,4,6,2,1,'','',0,'','','','',1,300,0.5,1,1200,2,1,10000,-10000,0);
#insert into point(id,name,description,sourcetype,parenttype,parentid,pointtype,needarchive,artime,sntime,sndvalue,snivalue,arcdvalue,arcivalue,arcquality,snquality,timeout,cmpdev,cmpmintime,cmpmaxtime,ifalarm,alarmlevel,hlimit,llimit,alarmref) values(10116,'itinfo_start_6','',0,4,6,3,1,'','','',1,'','','',1,300,0.5,1,1200);
insert into point(id,name,description,sourcetype,parenttype,parentid,pointtype,needarchive,artime,sntime,sndvalue,snivalue,arcdvalue,arcivalue,arcquality,snquality,timeout,cmpdev,cmpmintime,cmpmaxtime,ifalarm,alarmlevel,hlimit,llimit,alarmref) values(10117,'[IT0006]itinfo_runstatus','【IT0006】逆变器运行状态',2,4,6,5,1,'','','',1,'','','',1,300,0.5,1,1200,2,1,10000,-10000,0);
insert into point(id,name,description,sourcetype,parenttype,parentid,pointtype,needarchive,artime,sntime,sndvalue,snivalue,arcdvalue,arcivalue,arcquality,snquality,timeout,cmpdev,cmpmintime,cmpmaxtime,ifalarm,alarmlevel,hlimit,llimit,alarmref) values(10118,'[IT0007]itinfo_p','【IT0007】逆变器有功',2,4,7,2,1,'','',0,'','','','',1,300,0.5,1,1200,2,1,10000,-10000,0);
insert into point(id,name,description,sourcetype,parenttype,parentid,pointtype,needarchive,artime,sntime,sndvalue,snivalue,arcdvalue,arcivalue,arcquality,snquality,timeout,cmpdev,cmpmintime,cmpmaxtime,ifalarm,alarmlevel,hlimit,llimit,alarmref) values(10119,'[IT0007]itinfo_q','【IT0007】逆变器无功',2,4,7,2,1,'','',0,'','','','',1,300,0.5,1,1200,2,1,10000,-10000,0);
insert into point(id,name,description,sourcetype,parenttype,parentid,pointtype,needarchive,artime,sntime,sndvalue,snivalue,arcdvalue,arcivalue,arcquality,snquality,timeout,cmpdev,cmpmintime,cmpmaxtime,ifalarm,alarmlevel,hlimit,llimit,alarmref) values(10120,'[IT0007]itinfo_tp','【IT0007】逆变器理论有功',2,4,7,2,1,'','',0,'','','','',1,300,0.5,1,1200,2,1,10000,-10000,0);
insert into point(id,name,description,sourcetype,parenttype,parentid,pointtype,needarchive,artime,sntime,sndvalue,snivalue,arcdvalue,arcivalue,arcquality,snquality,timeout,cmpdev,cmpmintime,cmpmaxtime,ifalarm,alarmlevel,hlimit,llimit,alarmref) values(10121,'[IT0007]itinfo_rcap','【IT0007】逆变器实时开机容量',1,4,7,2,1,'','',0,'','','','',1,300,0.5,1,1200,2,1,10000,-10000,0);
insert into point(id,name,description,sourcetype,parenttype,parentid,pointtype,needarchive,artime,sntime,sndvalue,snivalue,arcdvalue,arcivalue,arcquality,snquality,timeout,cmpdev,cmpmintime,cmpmaxtime,ifalarm,alarmlevel,hlimit,llimit,alarmref) values(10122,'[IT0007]itinfo_rpower','【IT0007】逆变器日累计电量',2,4,7,2,1,'','',0,'','','','',1,300,0.5,1,1200,2,1,10000,-10000,0);
insert into point(id,name,description,sourcetype,parenttype,parentid,pointtype,needarchive,artime,sntime,sndvalue,snivalue,arcdvalue,arcivalue,arcquality,snquality,timeout,cmpdev,cmpmintime,cmpmaxtime,ifalarm,alarmlevel,hlimit,llimit,alarmref) values(10123,'[IT0007]itinfo_tpower','【IT0007】逆变器日理论电量',2,4,7,2,1,'','',0,'','','','',1,300,0.5,1,1200,2,1,10000,-10000,0);
#insert into point(id,name,description,sourcetype,parenttype,parentid,pointtype,needarchive,artime,sntime,sndvalue,snivalue,arcdvalue,arcivalue,arcquality,snquality,timeout,cmpdev,cmpmintime,cmpmaxtime,ifalarm,alarmlevel,hlimit,llimit,alarmref) values(10124,'itinfo_start_7','',0,4,7,3,1,'','','',1,'','','',1,300,0.5,1,1200);
insert into point(id,name,description,sourcetype,parenttype,parentid,pointtype,needarchive,artime,sntime,sndvalue,snivalue,arcdvalue,arcivalue,arcquality,snquality,timeout,cmpdev,cmpmintime,cmpmaxtime,ifalarm,alarmlevel,hlimit,llimit,alarmref) values(10125,'[IT0007]itinfo_runstatus','【IT0007】逆变器运行状态',2,4,7,5,1,'','','',1,'','','',1,300,0.5,1,1200,2,1,10000,-10000,0);
insert into point(id,name,description,sourcetype,parenttype,parentid,pointtype,needarchive,artime,sntime,sndvalue,snivalue,arcdvalue,arcivalue,arcquality,snquality,timeout,cmpdev,cmpmintime,cmpmaxtime,ifalarm,alarmlevel,hlimit,llimit,alarmref) values(10126,'[IT0008]itinfo_p','【IT0008】逆变器有功',2,4,8,2,1,'','',0,'','','','',1,300,0.5,1,1200,2,1,10000,-10000,0);
insert into point(id,name,description,sourcetype,parenttype,parentid,pointtype,needarchive,artime,sntime,sndvalue,snivalue,arcdvalue,arcivalue,arcquality,snquality,timeout,cmpdev,cmpmintime,cmpmaxtime,ifalarm,alarmlevel,hlimit,llimit,alarmref) values(10127,'[IT0008]itinfo_q','【IT0008】逆变器无功',2,4,8,2,1,'','',0,'','','','',1,300,0.5,1,1200,2,1,10000,-10000,0);
insert into point(id,name,description,sourcetype,parenttype,parentid,pointtype,needarchive,artime,sntime,sndvalue,snivalue,arcdvalue,arcivalue,arcquality,snquality,timeout,cmpdev,cmpmintime,cmpmaxtime,ifalarm,alarmlevel,hlimit,llimit,alarmref) values(10128,'[IT0008]itinfo_tp','【IT0008】逆变器理论有功',2,4,8,2,1,'','',0,'','','','',1,300,0.5,1,1200,2,1,10000,-10000,0);
insert into point(id,name,description,sourcetype,parenttype,parentid,pointtype,needarchive,artime,sntime,sndvalue,snivalue,arcdvalue,arcivalue,arcquality,snquality,timeout,cmpdev,cmpmintime,cmpmaxtime,ifalarm,alarmlevel,hlimit,llimit,alarmref) values(10129,'[IT0008]itinfo_rcap','【IT0008】逆变器实时开机容量',1,4,8,2,1,'','',0,'','','','',1,300,0.5,1,1200,2,1,10000,-10000,0);
insert into point(id,name,description,sourcetype,parenttype,parentid,pointtype,needarchive,artime,sntime,sndvalue,snivalue,arcdvalue,arcivalue,arcquality,snquality,timeout,cmpdev,cmpmintime,cmpmaxtime,ifalarm,alarmlevel,hlimit,llimit,alarmref) values(10130,'[IT0008]itinfo_rpower','【IT0008】逆变器日累计电量',2,4,8,2,1,'','',0,'','','','',1,300,0.5,1,1200,2,1,10000,-10000,0);
insert into point(id,name,description,sourcetype,parenttype,parentid,pointtype,needarchive,artime,sntime,sndvalue,snivalue,arcdvalue,arcivalue,arcquality,snquality,timeout,cmpdev,cmpmintime,cmpmaxtime,ifalarm,alarmlevel,hlimit,llimit,alarmref) values(10131,'[IT0008]itinfo_tpower','【IT0008】逆变器日理论电量',2,4,8,2,1,'','',0,'','','','',1,300,0.5,1,1200,2,1,10000,-10000,0);
#insert into point(id,name,description,sourcetype,parenttype,parentid,pointtype,needarchive,artime,sntime,sndvalue,snivalue,arcdvalue,arcivalue,arcquality,snquality,timeout,cmpdev,cmpmintime,cmpmaxtime,ifalarm,alarmlevel,hlimit,llimit,alarmref) values(10132,'itinfo_start_8','',0,4,8,3,1,'','','',1,'','','',1,300,0.5,1,1200);
insert into point(id,name,description,sourcetype,parenttype,parentid,pointtype,needarchive,artime,sntime,sndvalue,snivalue,arcdvalue,arcivalue,arcquality,snquality,timeout,cmpdev,cmpmintime,cmpmaxtime,ifalarm,alarmlevel,hlimit,llimit,alarmref) values(10133,'[IT0008]itinfo_runstatus','【IT0008】逆变器运行状态',2,4,8,5,1,'','','',1,'','','',1,300,0.5,1,1200,2,1,10000,-10000,0);
insert into point(id,name,description,sourcetype,parenttype,parentid,pointtype,needarchive,artime,sntime,sndvalue,snivalue,arcdvalue,arcivalue,arcquality,snquality,timeout,cmpdev,cmpmintime,cmpmaxtime,ifalarm,alarmlevel,hlimit,llimit,alarmref) values(10134,'[IT0009]itinfo_p','【IT0009】逆变器有功',2,4,9,2,1,'','',0,'','','','',1,300,0.5,1,1200,2,1,10000,-10000,0);
insert into point(id,name,description,sourcetype,parenttype,parentid,pointtype,needarchive,artime,sntime,sndvalue,snivalue,arcdvalue,arcivalue,arcquality,snquality,timeout,cmpdev,cmpmintime,cmpmaxtime,ifalarm,alarmlevel,hlimit,llimit,alarmref) values(10135,'[IT0009]itinfo_q','【IT0009】逆变器无功',2,4,9,2,1,'','',0,'','','','',1,300,0.5,1,1200,2,1,10000,-10000,0);
insert into point(id,name,description,sourcetype,parenttype,parentid,pointtype,needarchive,artime,sntime,sndvalue,snivalue,arcdvalue,arcivalue,arcquality,snquality,timeout,cmpdev,cmpmintime,cmpmaxtime,ifalarm,alarmlevel,hlimit,llimit,alarmref) values(10136,'[IT0009]itinfo_tp','【IT0009】逆变器理论有功',2,4,9,2,1,'','',0,'','','','',1,300,0.5,1,1200,2,1,10000,-10000,0);
insert into point(id,name,description,sourcetype,parenttype,parentid,pointtype,needarchive,artime,sntime,sndvalue,snivalue,arcdvalue,arcivalue,arcquality,snquality,timeout,cmpdev,cmpmintime,cmpmaxtime,ifalarm,alarmlevel,hlimit,llimit,alarmref) values(10137,'[IT0009]itinfo_rcap','【IT0009】逆变器实时开机容量',1,4,9,2,1,'','',0,'','','','',1,300,0.5,1,1200,2,1,10000,-10000,0);
insert into point(id,name,description,sourcetype,parenttype,parentid,pointtype,needarchive,artime,sntime,sndvalue,snivalue,arcdvalue,arcivalue,arcquality,snquality,timeout,cmpdev,cmpmintime,cmpmaxtime,ifalarm,alarmlevel,hlimit,llimit,alarmref) values(10138,'[IT0009]itinfo_rpower','【IT0009】逆变器日累计电量',2,4,9,2,1,'','',0,'','','','',1,300,0.5,1,1200,2,1,10000,-10000,0);
insert into point(id,name,description,sourcetype,parenttype,parentid,pointtype,needarchive,artime,sntime,sndvalue,snivalue,arcdvalue,arcivalue,arcquality,snquality,timeout,cmpdev,cmpmintime,cmpmaxtime,ifalarm,alarmlevel,hlimit,llimit,alarmref) values(10139,'[IT0009]itinfo_tpower','【IT0009】逆变器日理论电量',2,4,9,2,1,'','',0,'','','','',1,300,0.5,1,1200,2,1,10000,-10000,0);
#insert into point(id,name,description,sourcetype,parenttype,parentid,pointtype,needarchive,artime,sntime,sndvalue,snivalue,arcdvalue,arcivalue,arcquality,snquality,timeout,cmpdev,cmpmintime,cmpmaxtime,ifalarm,alarmlevel,hlimit,llimit,alarmref) values(10140,'itinfo_start_9','',0,4,9,3,1,'','','',1,'','','',1,300,0.5,1,1200);
insert into point(id,name,description,sourcetype,parenttype,parentid,pointtype,needarchive,artime,sntime,sndvalue,snivalue,arcdvalue,arcivalue,arcquality,snquality,timeout,cmpdev,cmpmintime,cmpmaxtime,ifalarm,alarmlevel,hlimit,llimit,alarmref) values(10141,'[IT0009]itinfo_runstatus','【IT0009】逆变器运行状态',2,4,9,5,1,'','','',1,'','','',1,300,0.5,1,1200,2,1,10000,-10000,0);
insert into point(id,name,description,sourcetype,parenttype,parentid,pointtype,needarchive,artime,sntime,sndvalue,snivalue,arcdvalue,arcivalue,arcquality,snquality,timeout,cmpdev,cmpmintime,cmpmaxtime,ifalarm,alarmlevel,hlimit,llimit,alarmref) values(10142,'[IT00010]itinfo_p','【IT00010】逆变器有功',2,4,10,2,1,'','',0,'','','','',1,300,0.5,1,1200,2,1,10000,-10000,0);
insert into point(id,name,description,sourcetype,parenttype,parentid,pointtype,needarchive,artime,sntime,sndvalue,snivalue,arcdvalue,arcivalue,arcquality,snquality,timeout,cmpdev,cmpmintime,cmpmaxtime,ifalarm,alarmlevel,hlimit,llimit,alarmref) values(10143,'[IT00010]itinfo_q','【IT00010】逆变器无功',2,4,10,2,1,'','',0,'','','','',1,300,0.5,1,1200,2,1,10000,-10000,0);
insert into point(id,name,description,sourcetype,parenttype,parentid,pointtype,needarchive,artime,sntime,sndvalue,snivalue,arcdvalue,arcivalue,arcquality,snquality,timeout,cmpdev,cmpmintime,cmpmaxtime,ifalarm,alarmlevel,hlimit,llimit,alarmref) values(10144,'[IT00010]itinfo_tp','【IT00010】逆变器理论有功',2,4,10,2,1,'','',0,'','','','',1,300,0.5,1,1200,2,1,10000,-10000,0);
insert into point(id,name,description,sourcetype,parenttype,parentid,pointtype,needarchive,artime,sntime,sndvalue,snivalue,arcdvalue,arcivalue,arcquality,snquality,timeout,cmpdev,cmpmintime,cmpmaxtime,ifalarm,alarmlevel,hlimit,llimit,alarmref) values(10145,'[IT00010]itinfo_rcap','【IT00010】逆变器实时开机容量',1,4,10,2,1,'','',0,'','','','',1,300,0.5,1,1200,2,1,10000,-10000,0);
insert into point(id,name,description,sourcetype,parenttype,parentid,pointtype,needarchive,artime,sntime,sndvalue,snivalue,arcdvalue,arcivalue,arcquality,snquality,timeout,cmpdev,cmpmintime,cmpmaxtime,ifalarm,alarmlevel,hlimit,llimit,alarmref) values(10146,'[IT00010]itinfo_rpower','【IT00010】逆变器日累计电量',2,4,10,2,1,'','',0,'','','','',1,300,0.5,1,1200,2,1,10000,-10000,0);
insert into point(id,name,description,sourcetype,parenttype,parentid,pointtype,needarchive,artime,sntime,sndvalue,snivalue,arcdvalue,arcivalue,arcquality,snquality,timeout,cmpdev,cmpmintime,cmpmaxtime,ifalarm,alarmlevel,hlimit,llimit,alarmref) values(10147,'[IT00010]itinfo_tpower','【IT00010】逆变器日理论电量',2,4,10,2,1,'','',0,'','','','',1,300,0.5,1,1200,2,1,10000,-10000,0);
#insert into point(id,name,description,sourcetype,parenttype,parentid,pointtype,needarchive,artime,sntime,sndvalue,snivalue,arcdvalue,arcivalue,arcquality,snquality,timeout,cmpdev,cmpmintime,cmpmaxtime,ifalarm,alarmlevel,hlimit,llimit,alarmref) values(10148,'itinfo_start_10','',0,4,10,3,1,'','','',1,'','','',1,300,0.5,1,1200);
insert into point(id,name,description,sourcetype,parenttype,parentid,pointtype,needarchive,artime,sntime,sndvalue,snivalue,arcdvalue,arcivalue,arcquality,snquality,timeout,cmpdev,cmpmintime,cmpmaxtime,ifalarm,alarmlevel,hlimit,llimit,alarmref) values(10149,'[IT00010]itinfo_runstatus','【IT00010】逆变器运行状态',2,4,10,5,1,'','','',1,'','','',1,300,0.5,1,1200,2,1,10000,-10000,0);
insert into point(id,name,description,sourcetype,parenttype,parentid,pointtype,needarchive,artime,sntime,sndvalue,snivalue,arcdvalue,arcivalue,arcquality,snquality,timeout,cmpdev,cmpmintime,cmpmaxtime,ifalarm,alarmlevel,hlimit,llimit,alarmref) values(10150,'[IT0001]itavc_targetq','【IT0001】逆变器avc目标无功值',2,5,1,4,1,'','',0,'','','','',1,300,0.5,1,1200,2,1,10000,-10000,0);
insert into point(id,name,description,sourcetype,parenttype,parentid,pointtype,needarchive,artime,sntime,sndvalue,snivalue,arcdvalue,arcivalue,arcquality,snquality,timeout,cmpdev,cmpmintime,cmpmaxtime,ifalarm,alarmlevel,hlimit,llimit,alarmref) values(70200,'[IT0001]itavc_targetv','【IT0001】逆变器avc目标电压值',2,5,1,4,1,'','',0,'','','','',1,300,0.5,1,1200,2,1,10000,-10000,0);
insert into point(id,name,description,sourcetype,parenttype,parentid,pointtype,needarchive,artime,sntime,sndvalue,snivalue,arcdvalue,arcivalue,arcquality,snquality,timeout,cmpdev,cmpmintime,cmpmaxtime,ifalarm,alarmlevel,hlimit,llimit,alarmref) values(10152,'[IT0001]itavc_avccontype','【IT0001】逆变器avc是否无功控制',1,5,1,5,1,'','','',1,'','','',1,300,0.5,1,1200,2,1,10000,-10000,0);
insert into point(id,name,description,sourcetype,parenttype,parentid,pointtype,needarchive,artime,sntime,sndvalue,snivalue,arcdvalue,arcivalue,arcquality,snquality,timeout,cmpdev,cmpmintime,cmpmaxtime,ifalarm,alarmlevel,hlimit,llimit,alarmref) values(10153,'[IT0001]itavc_qhlimit','【IT0001】逆变器avc无功上限',1,5,1,2,1,'','',1000,'','','','',1,300,0.5,1,1200,2,1,10000,-10000,0);
insert into point(id,name,description,sourcetype,parenttype,parentid,pointtype,needarchive,artime,sntime,sndvalue,snivalue,arcdvalue,arcivalue,arcquality,snquality,timeout,cmpdev,cmpmintime,cmpmaxtime,ifalarm,alarmlevel,hlimit,llimit,alarmref) values(10154,'[IT0001]itavc_qllimit','【IT0001】逆变器avc无功下限',1,5,1,2,1,'','',-200,'','','','',1,300,0.5,1,1200,2,1,10000,-10000,0);
insert into point(id,name,description,sourcetype,parenttype,parentid,pointtype,needarchive,artime,sntime,sndvalue,snivalue,arcdvalue,arcivalue,arcquality,snquality,timeout,cmpdev,cmpmintime,cmpmaxtime,ifalarm,alarmlevel,hlimit,llimit,alarmref) values(10155,'[IT0001]itavc_qdeadarea','【IT0001】逆变器avc无功设置死区',1,5,1,2,1,'','',0.1,'','','','',1,300,0.5,1,1200,2,1,10000,-10000,0);
insert into point(id,name,description,sourcetype,parenttype,parentid,pointtype,needarchive,artime,sntime,sndvalue,snivalue,arcdvalue,arcivalue,arcquality,snquality,timeout,cmpdev,cmpmintime,cmpmaxtime,ifalarm,alarmlevel,hlimit,llimit,alarmref) values(10156,'[IT0001]itavc_adjmaxarea','【IT0001】逆变器avc调节偏差范围',1,5,1,2,1,'','',200,'','','','',1,300,0.5,1,1200,2,1,10000,-10000,0);
insert into point(id,name,description,sourcetype,parenttype,parentid,pointtype,needarchive,artime,sntime,sndvalue,snivalue,arcdvalue,arcivalue,arcquality,snquality,timeout,cmpdev,cmpmintime,cmpmaxtime,ifalarm,alarmlevel,hlimit,llimit,alarmref) values(10157,'[IT0001]itavc_avcintertime','【IT0001】逆变器avc控制间隔时间',1,5,1,5,1,'','','',20,'','','',1,300,0.5,1,1200,2,1,10000,-10000,0);
insert into point(id,name,description,sourcetype,parenttype,parentid,pointtype,needarchive,artime,sntime,sndvalue,snivalue,arcdvalue,arcivalue,arcquality,snquality,timeout,cmpdev,cmpmintime,cmpmaxtime,ifalarm,alarmlevel,hlimit,llimit,alarmref) values(10158,'[IT0001]itavc_fminr','【IT0001】逆变器avc无功分钟级变化率',1,5,1,2,1,'','',0.1,'','','','',1,300,0.5,1,1200,2,1,10000,-10000,0);
insert into point(id,name,description,sourcetype,parenttype,parentid,pointtype,needarchive,artime,sntime,sndvalue,snivalue,arcdvalue,arcivalue,arcquality,snquality,timeout,cmpdev,cmpmintime,cmpmaxtime,ifalarm,alarmlevel,hlimit,llimit,alarmref) values(10159,'[IT0001]itavc_frace','【IT0001】逆变器avc无功单次变化率',1,5,1,2,1,'','',0.01,'','','','',1,300,0.5,1,1200,2,1,10000,-10000,0);
insert into point(id,name,description,sourcetype,parenttype,parentid,pointtype,needarchive,artime,sntime,sndvalue,snivalue,arcdvalue,arcivalue,arcquality,snquality,timeout,cmpdev,cmpmintime,cmpmaxtime,ifalarm,alarmlevel,hlimit,llimit,alarmref) values(10160,'[IT0002]itavc_targetq','【IT0002】逆变器avc目标无功值',2,5,2,4,1,'','',0,'','','','',1,300,0.5,1,1200,2,1,10000,-10000,0);
insert into point(id,name,description,sourcetype,parenttype,parentid,pointtype,needarchive,artime,sntime,sndvalue,snivalue,arcdvalue,arcivalue,arcquality,snquality,timeout,cmpdev,cmpmintime,cmpmaxtime,ifalarm,alarmlevel,hlimit,llimit,alarmref) values(70201,'[IT0002]itavc_targetv','【IT0002】逆变器avc目标电压值',2,5,1,4,1,'','',0,'','','','',1,300,0.5,1,1200,2,1,10000,-10000,0);
insert into point(id,name,description,sourcetype,parenttype,parentid,pointtype,needarchive,artime,sntime,sndvalue,snivalue,arcdvalue,arcivalue,arcquality,snquality,timeout,cmpdev,cmpmintime,cmpmaxtime,ifalarm,alarmlevel,hlimit,llimit,alarmref) values(10162,'[IT0002]itavc_avccontype','【IT0002】逆变器avc是否无功控制',1,5,2,5,1,'','','',1,'','','',1,300,0.5,1,1200,2,1,10000,-10000,0);
insert into point(id,name,description,sourcetype,parenttype,parentid,pointtype,needarchive,artime,sntime,sndvalue,snivalue,arcdvalue,arcivalue,arcquality,snquality,timeout,cmpdev,cmpmintime,cmpmaxtime,ifalarm,alarmlevel,hlimit,llimit,alarmref) values(10163,'[IT0002]itavc_qhlimit','【IT0002】逆变器avc无功上限',1,5,2,2,1,'','',1000,'','','','',1,300,0.5,1,1200,2,1,10000,-10000,0);
insert into point(id,name,description,sourcetype,parenttype,parentid,pointtype,needarchive,artime,sntime,sndvalue,snivalue,arcdvalue,arcivalue,arcquality,snquality,timeout,cmpdev,cmpmintime,cmpmaxtime,ifalarm,alarmlevel,hlimit,llimit,alarmref) values(10164,'[IT0002]itavc_qllimit','【IT0002】逆变器avc无功下限',1,5,2,2,1,'','',-200,'','','','',1,300,0.5,1,1200,2,1,10000,-10000,0);
insert into point(id,name,description,sourcetype,parenttype,parentid,pointtype,needarchive,artime,sntime,sndvalue,snivalue,arcdvalue,arcivalue,arcquality,snquality,timeout,cmpdev,cmpmintime,cmpmaxtime,ifalarm,alarmlevel,hlimit,llimit,alarmref) values(10165,'[IT0002]itavc_qdeadarea','【IT0002】逆变器avc无功设置死区',1,5,2,2,1,'','',0.1,'','','','',1,300,0.5,1,1200,2,1,10000,-10000,0);
insert into point(id,name,description,sourcetype,parenttype,parentid,pointtype,needarchive,artime,sntime,sndvalue,snivalue,arcdvalue,arcivalue,arcquality,snquality,timeout,cmpdev,cmpmintime,cmpmaxtime,ifalarm,alarmlevel,hlimit,llimit,alarmref) values(10166,'[IT0002]itavc_adjmaxarea','【IT0002】逆变器avc调节偏差范围',1,5,2,2,1,'','',200,'','','','',1,300,0.5,1,1200,2,1,10000,-10000,0);
insert into point(id,name,description,sourcetype,parenttype,parentid,pointtype,needarchive,artime,sntime,sndvalue,snivalue,arcdvalue,arcivalue,arcquality,snquality,timeout,cmpdev,cmpmintime,cmpmaxtime,ifalarm,alarmlevel,hlimit,llimit,alarmref) values(10167,'[IT0002]itavc_avcintertime','【IT0002】逆变器avc控制间隔时间',1,5,2,5,1,'','','',20,'','','',1,300,0.5,1,1200,2,1,10000,-10000,0);
insert into point(id,name,description,sourcetype,parenttype,parentid,pointtype,needarchive,artime,sntime,sndvalue,snivalue,arcdvalue,arcivalue,arcquality,snquality,timeout,cmpdev,cmpmintime,cmpmaxtime,ifalarm,alarmlevel,hlimit,llimit,alarmref) values(10168,'[IT0002]itavc_fminr','【IT0002】逆变器avc无功分钟级变化率',1,5,2,2,1,'','',0.1,'','','','',1,300,0.5,1,1200,2,1,10000,-10000,0);
insert into point(id,name,description,sourcetype,parenttype,parentid,pointtype,needarchive,artime,sntime,sndvalue,snivalue,arcdvalue,arcivalue,arcquality,snquality,timeout,cmpdev,cmpmintime,cmpmaxtime,ifalarm,alarmlevel,hlimit,llimit,alarmref) values(10169,'[IT0002]itavc_frace','【IT0002】逆变器avc无功单次变化率',1,5,2,2,1,'','',0.01,'','','','',1,300,0.5,1,1200,2,1,10000,-10000,0);
insert into point(id,name,description,sourcetype,parenttype,parentid,pointtype,needarchive,artime,sntime,sndvalue,snivalue,arcdvalue,arcivalue,arcquality,snquality,timeout,cmpdev,cmpmintime,cmpmaxtime,ifalarm,alarmlevel,hlimit,llimit,alarmref) values(10170,'[IT0003]itavc_targetq','【IT0003】逆变器avc目标无功值',2,5,3,4,1,'','',0,'','','','',1,300,0.5,1,1200,2,1,10000,-10000,0);
insert into point(id,name,description,sourcetype,parenttype,parentid,pointtype,needarchive,artime,sntime,sndvalue,snivalue,arcdvalue,arcivalue,arcquality,snquality,timeout,cmpdev,cmpmintime,cmpmaxtime,ifalarm,alarmlevel,hlimit,llimit,alarmref) values(70202,'[IT0003]itavc_targetv','【IT0003】逆变器avc目标电压值',2,5,1,4,1,'','',0,'','','','',1,300,0.5,1,1200,2,1,10000,-10000,0);
insert into point(id,name,description,sourcetype,parenttype,parentid,pointtype,needarchive,artime,sntime,sndvalue,snivalue,arcdvalue,arcivalue,arcquality,snquality,timeout,cmpdev,cmpmintime,cmpmaxtime,ifalarm,alarmlevel,hlimit,llimit,alarmref) values(10172,'[IT0003]itavc_avccontype','【IT0003】逆变器avc是否无功控制',1,5,3,5,1,'','','',1,'','','',1,300,0.5,1,1200,2,1,10000,-10000,0);
insert into point(id,name,description,sourcetype,parenttype,parentid,pointtype,needarchive,artime,sntime,sndvalue,snivalue,arcdvalue,arcivalue,arcquality,snquality,timeout,cmpdev,cmpmintime,cmpmaxtime,ifalarm,alarmlevel,hlimit,llimit,alarmref) values(10173,'[IT0003]itavc_qhlimit','【IT0003】逆变器avc无功上限',1,5,3,2,1,'','',1000,'','','','',1,300,0.5,1,1200,2,1,10000,-10000,0);
insert into point(id,name,description,sourcetype,parenttype,parentid,pointtype,needarchive,artime,sntime,sndvalue,snivalue,arcdvalue,arcivalue,arcquality,snquality,timeout,cmpdev,cmpmintime,cmpmaxtime,ifalarm,alarmlevel,hlimit,llimit,alarmref) values(10174,'[IT0003]itavc_qllimit','【IT0003】逆变器avc无功下限',1,5,3,2,1,'','',-200,'','','','',1,300,0.5,1,1200,2,1,10000,-10000,0);
insert into point(id,name,description,sourcetype,parenttype,parentid,pointtype,needarchive,artime,sntime,sndvalue,snivalue,arcdvalue,arcivalue,arcquality,snquality,timeout,cmpdev,cmpmintime,cmpmaxtime,ifalarm,alarmlevel,hlimit,llimit,alarmref) values(10175,'[IT0003]itavc_qdeadarea','【IT0003】逆变器avc无功设置死区',1,5,3,2,1,'','',0.1,'','','','',1,300,0.5,1,1200,2,1,10000,-10000,0);
insert into point(id,name,description,sourcetype,parenttype,parentid,pointtype,needarchive,artime,sntime,sndvalue,snivalue,arcdvalue,arcivalue,arcquality,snquality,timeout,cmpdev,cmpmintime,cmpmaxtime,ifalarm,alarmlevel,hlimit,llimit,alarmref) values(10176,'[IT0003]itavc_adjmaxarea','【IT0003】逆变器avc调节偏差范围',1,5,3,2,1,'','',200,'','','','',1,300,0.5,1,1200,2,1,10000,-10000,0);
insert into point(id,name,description,sourcetype,parenttype,parentid,pointtype,needarchive,artime,sntime,sndvalue,snivalue,arcdvalue,arcivalue,arcquality,snquality,timeout,cmpdev,cmpmintime,cmpmaxtime,ifalarm,alarmlevel,hlimit,llimit,alarmref) values(10177,'[IT0003]itavc_avcintertime','【IT0003】逆变器avc控制间隔时间',1,5,3,5,1,'','','',20,'','','',1,300,0.5,1,1200,2,1,10000,-10000,0);
insert into point(id,name,description,sourcetype,parenttype,parentid,pointtype,needarchive,artime,sntime,sndvalue,snivalue,arcdvalue,arcivalue,arcquality,snquality,timeout,cmpdev,cmpmintime,cmpmaxtime,ifalarm,alarmlevel,hlimit,llimit,alarmref) values(10178,'[IT0003]itavc_fminr','【IT0003】逆变器avc无功分钟级变化率',1,5,3,2,1,'','',0.1,'','','','',1,300,0.5,1,1200,2,1,10000,-10000,0);
insert into point(id,name,description,sourcetype,parenttype,parentid,pointtype,needarchive,artime,sntime,sndvalue,snivalue,arcdvalue,arcivalue,arcquality,snquality,timeout,cmpdev,cmpmintime,cmpmaxtime,ifalarm,alarmlevel,hlimit,llimit,alarmref) values(10179,'[IT0003]itavc_frace','【IT0004】逆变器avc无功单次变化率',1,5,3,2,1,'','',0.01,'','','','',1,300,0.5,1,1200,2,1,10000,-10000,0);
insert into point(id,name,description,sourcetype,parenttype,parentid,pointtype,needarchive,artime,sntime,sndvalue,snivalue,arcdvalue,arcivalue,arcquality,snquality,timeout,cmpdev,cmpmintime,cmpmaxtime,ifalarm,alarmlevel,hlimit,llimit,alarmref) values(10180,'[IT0004]itavc_targetq','【IT0004】逆变器avc目标无功值',2,5,4,4,1,'','',0,'','','','',1,300,0.5,1,1200,2,1,10000,-10000,0);
insert into point(id,name,description,sourcetype,parenttype,parentid,pointtype,needarchive,artime,sntime,sndvalue,snivalue,arcdvalue,arcivalue,arcquality,snquality,timeout,cmpdev,cmpmintime,cmpmaxtime,ifalarm,alarmlevel,hlimit,llimit,alarmref) values(70203,'[IT0004]itavc_targetv','【IT0004】逆变器avc目标电压值',2,5,1,4,1,'','',0,'','','','',1,300,0.5,1,1200,2,1,10000,-10000,0);
insert into point(id,name,description,sourcetype,parenttype,parentid,pointtype,needarchive,artime,sntime,sndvalue,snivalue,arcdvalue,arcivalue,arcquality,snquality,timeout,cmpdev,cmpmintime,cmpmaxtime,ifalarm,alarmlevel,hlimit,llimit,alarmref) values(10182,'[IT0004]itavc_avccontype','【IT0004】逆变器avc是否无功控制',1,5,4,5,1,'','','',1,'','','',1,300,0.5,1,1200,2,1,10000,-10000,0);
insert into point(id,name,description,sourcetype,parenttype,parentid,pointtype,needarchive,artime,sntime,sndvalue,snivalue,arcdvalue,arcivalue,arcquality,snquality,timeout,cmpdev,cmpmintime,cmpmaxtime,ifalarm,alarmlevel,hlimit,llimit,alarmref) values(10183,'[IT0004]itavc_qhlimit','【IT0004】逆变器avc无功上限',1,5,4,2,1,'','',1000,'','','','',1,300,0.5,1,1200,2,1,10000,-10000,0);
insert into point(id,name,description,sourcetype,parenttype,parentid,pointtype,needarchive,artime,sntime,sndvalue,snivalue,arcdvalue,arcivalue,arcquality,snquality,timeout,cmpdev,cmpmintime,cmpmaxtime,ifalarm,alarmlevel,hlimit,llimit,alarmref) values(10184,'[IT0004]itavc_qllimit','【IT0004】逆变器avc无功下限',1,5,4,2,1,'','',-200,'','','','',1,300,0.5,1,1200,2,1,10000,-10000,0);
insert into point(id,name,description,sourcetype,parenttype,parentid,pointtype,needarchive,artime,sntime,sndvalue,snivalue,arcdvalue,arcivalue,arcquality,snquality,timeout,cmpdev,cmpmintime,cmpmaxtime,ifalarm,alarmlevel,hlimit,llimit,alarmref) values(10185,'[IT0004]itavc_qdeadarea','【IT0004】逆变器avc无功设置死区',1,5,4,2,1,'','',0.1,'','','','',1,300,0.5,1,1200,2,1,10000,-10000,0);
insert into point(id,name,description,sourcetype,parenttype,parentid,pointtype,needarchive,artime,sntime,sndvalue,snivalue,arcdvalue,arcivalue,arcquality,snquality,timeout,cmpdev,cmpmintime,cmpmaxtime,ifalarm,alarmlevel,hlimit,llimit,alarmref) values(10186,'[IT0004]itavc_adjmaxarea','【IT0004】逆变器avc调节偏差范围',1,5,4,2,1,'','',200,'','','','',1,300,0.5,1,1200,2,1,10000,-10000,0);
insert into point(id,name,description,sourcetype,parenttype,parentid,pointtype,needarchive,artime,sntime,sndvalue,snivalue,arcdvalue,arcivalue,arcquality,snquality,timeout,cmpdev,cmpmintime,cmpmaxtime,ifalarm,alarmlevel,hlimit,llimit,alarmref) values(10187,'[IT0004]itavc_avcintertime','【IT0004】逆变器avc控制间隔时间',1,5,4,5,1,'','','',20,'','','',1,300,0.5,1,1200,2,1,10000,-10000,0);
insert into point(id,name,description,sourcetype,parenttype,parentid,pointtype,needarchive,artime,sntime,sndvalue,snivalue,arcdvalue,arcivalue,arcquality,snquality,timeout,cmpdev,cmpmintime,cmpmaxtime,ifalarm,alarmlevel,hlimit,llimit,alarmref) values(10188,'[IT0004]itavc_fminr','【IT0004】逆变器avc无功分钟级变化率',1,5,4,2,1,'','',0.1,'','','','',1,300,0.5,1,1200,2,1,10000,-10000,0);
insert into point(id,name,description,sourcetype,parenttype,parentid,pointtype,needarchive,artime,sntime,sndvalue,snivalue,arcdvalue,arcivalue,arcquality,snquality,timeout,cmpdev,cmpmintime,cmpmaxtime,ifalarm,alarmlevel,hlimit,llimit,alarmref) values(10189,'[IT0004]itavc_frace','【IT0004】逆变器avc无功单次变化率',1,5,4,2,1,'','',0.01,'','','','',1,300,0.5,1,1200,2,1,10000,-10000,0);
insert into point(id,name,description,sourcetype,parenttype,parentid,pointtype,needarchive,artime,sntime,sndvalue,snivalue,arcdvalue,arcivalue,arcquality,snquality,timeout,cmpdev,cmpmintime,cmpmaxtime,ifalarm,alarmlevel,hlimit,llimit,alarmref) values(10190,'[IT0005]itavc_targetq','【IT0005】逆变器avc目标无功值',2,5,5,4,1,'','',0,'','','','',1,300,0.5,1,1200,2,1,10000,-10000,0);
insert into point(id,name,description,sourcetype,parenttype,parentid,pointtype,needarchive,artime,sntime,sndvalue,snivalue,arcdvalue,arcivalue,arcquality,snquality,timeout,cmpdev,cmpmintime,cmpmaxtime,ifalarm,alarmlevel,hlimit,llimit,alarmref) values(70204,'[IT0005]itavc_targetv','【IT0005】逆变器avc目标电压值',2,5,1,4,1,'','',0,'','','','',1,300,0.5,1,1200,2,1,10000,-10000,0);
insert into point(id,name,description,sourcetype,parenttype,parentid,pointtype,needarchive,artime,sntime,sndvalue,snivalue,arcdvalue,arcivalue,arcquality,snquality,timeout,cmpdev,cmpmintime,cmpmaxtime,ifalarm,alarmlevel,hlimit,llimit,alarmref) values(10192,'[IT0005]itavc_avccontype','【IT0005】逆变器avc是否无功控制',1,5,5,5,1,'','','',1,'','','',1,300,0.5,1,1200,2,1,10000,-10000,0);
insert into point(id,name,description,sourcetype,parenttype,parentid,pointtype,needarchive,artime,sntime,sndvalue,snivalue,arcdvalue,arcivalue,arcquality,snquality,timeout,cmpdev,cmpmintime,cmpmaxtime,ifalarm,alarmlevel,hlimit,llimit,alarmref) values(10193,'[IT0005]itavc_qhlimit','【IT0005】逆变器avc无功上限',1,5,5,2,1,'','',1000,'','','','',1,300,0.5,1,1200,2,1,10000,-10000,0);
insert into point(id,name,description,sourcetype,parenttype,parentid,pointtype,needarchive,artime,sntime,sndvalue,snivalue,arcdvalue,arcivalue,arcquality,snquality,timeout,cmpdev,cmpmintime,cmpmaxtime,ifalarm,alarmlevel,hlimit,llimit,alarmref) values(10194,'[IT0005]itavc_qllimit','【IT0005】逆变器avc无功下限',1,5,5,2,1,'','',-200,'','','','',1,300,0.5,1,1200,2,1,10000,-10000,0);
insert into point(id,name,description,sourcetype,parenttype,parentid,pointtype,needarchive,artime,sntime,sndvalue,snivalue,arcdvalue,arcivalue,arcquality,snquality,timeout,cmpdev,cmpmintime,cmpmaxtime,ifalarm,alarmlevel,hlimit,llimit,alarmref) values(10195,'[IT0005]itavc_qdeadarea','【IT0005】逆变器avc无功设置死区',1,5,5,2,1,'','',0.1,'','','','',1,300,0.5,1,1200,2,1,10000,-10000,0);
insert into point(id,name,description,sourcetype,parenttype,parentid,pointtype,needarchive,artime,sntime,sndvalue,snivalue,arcdvalue,arcivalue,arcquality,snquality,timeout,cmpdev,cmpmintime,cmpmaxtime,ifalarm,alarmlevel,hlimit,llimit,alarmref) values(10196,'[IT0005]itavc_adjmaxarea','【IT0005】逆变器avc调节偏差范围',1,5,5,2,1,'','',200,'','','','',1,300,0.5,1,1200,2,1,10000,-10000,0);
insert into point(id,name,description,sourcetype,parenttype,parentid,pointtype,needarchive,artime,sntime,sndvalue,snivalue,arcdvalue,arcivalue,arcquality,snquality,timeout,cmpdev,cmpmintime,cmpmaxtime,ifalarm,alarmlevel,hlimit,llimit,alarmref) values(10197,'[IT0005]itavc_avcintertime','【IT0005】逆变器avc控制间隔时间',1,5,5,5,1,'','','',20,'','','',1,300,0.5,1,1200,2,1,10000,-10000,0);
insert into point(id,name,description,sourcetype,parenttype,parentid,pointtype,needarchive,artime,sntime,sndvalue,snivalue,arcdvalue,arcivalue,arcquality,snquality,timeout,cmpdev,cmpmintime,cmpmaxtime,ifalarm,alarmlevel,hlimit,llimit,alarmref) values(10198,'[IT0005]itavc_fminr','【IT0005】逆变器avc无功分钟级变化率',1,5,5,2,1,'','',0.1,'','','','',1,300,0.5,1,1200,2,1,10000,-10000,0);
insert into point(id,name,description,sourcetype,parenttype,parentid,pointtype,needarchive,artime,sntime,sndvalue,snivalue,arcdvalue,arcivalue,arcquality,snquality,timeout,cmpdev,cmpmintime,cmpmaxtime,ifalarm,alarmlevel,hlimit,llimit,alarmref) values(10199,'[IT0005]itavc_frace','【IT0005】逆变器avc无功单次变化率',1,5,5,2,1,'','',0.01,'','','','',1,300,0.5,1,1200,2,1,10000,-10000,0);
insert into point(id,name,description,sourcetype,parenttype,parentid,pointtype,needarchive,artime,sntime,sndvalue,snivalue,arcdvalue,arcivalue,arcquality,snquality,timeout,cmpdev,cmpmintime,cmpmaxtime,ifalarm,alarmlevel,hlimit,llimit,alarmref) values(10200,'[IT0006]itavc_targetq','【IT0006】逆变器avc目标无功值',2,5,6,4,1,'','',0,'','','','',1,300,0.5,1,1200,2,1,10000,-10000,0);
insert into point(id,name,description,sourcetype,parenttype,parentid,pointtype,needarchive,artime,sntime,sndvalue,snivalue,arcdvalue,arcivalue,arcquality,snquality,timeout,cmpdev,cmpmintime,cmpmaxtime,ifalarm,alarmlevel,hlimit,llimit,alarmref) values(70205,'[IT0006]itavc_targetv','【IT0006】逆变器avc目标电压值',2,5,1,4,1,'','',0,'','','','',1,300,0.5,1,1200,2,1,10000,-10000,0);
insert into point(id,name,description,sourcetype,parenttype,parentid,pointtype,needarchive,artime,sntime,sndvalue,snivalue,arcdvalue,arcivalue,arcquality,snquality,timeout,cmpdev,cmpmintime,cmpmaxtime,ifalarm,alarmlevel,hlimit,llimit,alarmref) values(10202,'[IT0006]itavc_avccontype','【IT0006】逆变器avc是否无功控制',1,5,6,5,1,'','','',1,'','','',1,300,0.5,1,1200,2,1,10000,-10000,0);
insert into point(id,name,description,sourcetype,parenttype,parentid,pointtype,needarchive,artime,sntime,sndvalue,snivalue,arcdvalue,arcivalue,arcquality,snquality,timeout,cmpdev,cmpmintime,cmpmaxtime,ifalarm,alarmlevel,hlimit,llimit,alarmref) values(10203,'[IT0006]itavc_qhlimit','【IT0006】逆变器avc无功上限',1,5,6,2,1,'','',1000,'','','','',1,300,0.5,1,1200,2,1,10000,-10000,0);
insert into point(id,name,description,sourcetype,parenttype,parentid,pointtype,needarchive,artime,sntime,sndvalue,snivalue,arcdvalue,arcivalue,arcquality,snquality,timeout,cmpdev,cmpmintime,cmpmaxtime,ifalarm,alarmlevel,hlimit,llimit,alarmref) values(10204,'[IT0006]itavc_qllimit','【IT0006】逆变器avc无功下限',1,5,6,2,1,'','',-200,'','','','',1,300,0.5,1,1200,2,1,10000,-10000,0);
insert into point(id,name,description,sourcetype,parenttype,parentid,pointtype,needarchive,artime,sntime,sndvalue,snivalue,arcdvalue,arcivalue,arcquality,snquality,timeout,cmpdev,cmpmintime,cmpmaxtime,ifalarm,alarmlevel,hlimit,llimit,alarmref) values(10205,'[IT0006]itavc_qdeadarea','【IT0006】逆变器avc无功设置死区',1,5,6,2,1,'','',0.1,'','','','',1,300,0.5,1,1200,2,1,10000,-10000,0);
insert into point(id,name,description,sourcetype,parenttype,parentid,pointtype,needarchive,artime,sntime,sndvalue,snivalue,arcdvalue,arcivalue,arcquality,snquality,timeout,cmpdev,cmpmintime,cmpmaxtime,ifalarm,alarmlevel,hlimit,llimit,alarmref) values(10206,'[IT0006]itavc_adjmaxarea','【IT0006】逆变器avc调节偏差范围',1,5,6,2,1,'','',200,'','','','',1,300,0.5,1,1200,2,1,10000,-10000,0);
insert into point(id,name,description,sourcetype,parenttype,parentid,pointtype,needarchive,artime,sntime,sndvalue,snivalue,arcdvalue,arcivalue,arcquality,snquality,timeout,cmpdev,cmpmintime,cmpmaxtime,ifalarm,alarmlevel,hlimit,llimit,alarmref) values(10207,'[IT0006]itavc_avcintertime','【IT0006】逆变器avc控制间隔时间',1,5,6,5,1,'','','',20,'','','',1,300,0.5,1,1200,2,1,10000,-10000,0);
insert into point(id,name,description,sourcetype,parenttype,parentid,pointtype,needarchive,artime,sntime,sndvalue,snivalue,arcdvalue,arcivalue,arcquality,snquality,timeout,cmpdev,cmpmintime,cmpmaxtime,ifalarm,alarmlevel,hlimit,llimit,alarmref) values(10208,'[IT0006]itavc_fminr','【IT0006】逆变器avc无功分钟级变化率',1,5,6,2,1,'','',0.1,'','','','',1,300,0.5,1,1200,2,1,10000,-10000,0);
insert into point(id,name,description,sourcetype,parenttype,parentid,pointtype,needarchive,artime,sntime,sndvalue,snivalue,arcdvalue,arcivalue,arcquality,snquality,timeout,cmpdev,cmpmintime,cmpmaxtime,ifalarm,alarmlevel,hlimit,llimit,alarmref) values(10209,'[IT0006]itavc_frace','【IT0006】逆变器avc无功单次变化率',1,5,6,2,1,'','',0.01,'','','','',1,300,0.5,1,1200,2,1,10000,-10000,0);
insert into point(id,name,description,sourcetype,parenttype,parentid,pointtype,needarchive,artime,sntime,sndvalue,snivalue,arcdvalue,arcivalue,arcquality,snquality,timeout,cmpdev,cmpmintime,cmpmaxtime,ifalarm,alarmlevel,hlimit,llimit,alarmref) values(10210,'[IT0007]itavc_targetq','【IT0007】逆变器avc目标无功值',2,5,7,4,1,'','',0,'','','','',1,300,0.5,1,1200,2,1,10000,-10000,0);
insert into point(id,name,description,sourcetype,parenttype,parentid,pointtype,needarchive,artime,sntime,sndvalue,snivalue,arcdvalue,arcivalue,arcquality,snquality,timeout,cmpdev,cmpmintime,cmpmaxtime,ifalarm,alarmlevel,hlimit,llimit,alarmref) values(70206,'[IT0007]itavc_targetv','【IT0007】逆变器avc目标电压值',2,5,1,4,1,'','',0,'','','','',1,300,0.5,1,1200,2,1,10000,-10000,0);
insert into point(id,name,description,sourcetype,parenttype,parentid,pointtype,needarchive,artime,sntime,sndvalue,snivalue,arcdvalue,arcivalue,arcquality,snquality,timeout,cmpdev,cmpmintime,cmpmaxtime,ifalarm,alarmlevel,hlimit,llimit,alarmref) values(10212,'[IT0007]itavc_avccontype','【IT0007】逆变器avc是否无功控制',1,5,7,5,1,'','','',1,'','','',1,300,0.5,1,1200,2,1,10000,-10000,0);
insert into point(id,name,description,sourcetype,parenttype,parentid,pointtype,needarchive,artime,sntime,sndvalue,snivalue,arcdvalue,arcivalue,arcquality,snquality,timeout,cmpdev,cmpmintime,cmpmaxtime,ifalarm,alarmlevel,hlimit,llimit,alarmref) values(10213,'[IT0007]itavc_qhlimit','【IT0007】逆变器avc无功上限',1,5,7,2,1,'','',1000,'','','','',1,300,0.5,1,1200,2,1,10000,-10000,0);
insert into point(id,name,description,sourcetype,parenttype,parentid,pointtype,needarchive,artime,sntime,sndvalue,snivalue,arcdvalue,arcivalue,arcquality,snquality,timeout,cmpdev,cmpmintime,cmpmaxtime,ifalarm,alarmlevel,hlimit,llimit,alarmref) values(10214,'[IT0007]itavc_qllimit','【IT0007】逆变器avc无功下限',1,5,7,2,1,'','',-200,'','','','',1,300,0.5,1,1200,2,1,10000,-10000,0);
insert into point(id,name,description,sourcetype,parenttype,parentid,pointtype,needarchive,artime,sntime,sndvalue,snivalue,arcdvalue,arcivalue,arcquality,snquality,timeout,cmpdev,cmpmintime,cmpmaxtime,ifalarm,alarmlevel,hlimit,llimit,alarmref) values(10215,'[IT0007]itavc_qdeadarea','【IT0007】逆变器avc无功设置死区',1,5,7,2,1,'','',0.1,'','','','',1,300,0.5,1,1200,2,1,10000,-10000,0);
insert into point(id,name,description,sourcetype,parenttype,parentid,pointtype,needarchive,artime,sntime,sndvalue,snivalue,arcdvalue,arcivalue,arcquality,snquality,timeout,cmpdev,cmpmintime,cmpmaxtime,ifalarm,alarmlevel,hlimit,llimit,alarmref) values(10216,'[IT0007]itavc_adjmaxarea','【IT0007】逆变器avc调节偏差范围',1,5,7,2,1,'','',200,'','','','',1,300,0.5,1,1200,2,1,10000,-10000,0);
insert into point(id,name,description,sourcetype,parenttype,parentid,pointtype,needarchive,artime,sntime,sndvalue,snivalue,arcdvalue,arcivalue,arcquality,snquality,timeout,cmpdev,cmpmintime,cmpmaxtime,ifalarm,alarmlevel,hlimit,llimit,alarmref) values(10217,'[IT0007]itavc_avcintertime','【IT0007】逆变器avc控制间隔时间',1,5,7,5,1,'','','',20,'','','',1,300,0.5,1,1200,2,1,10000,-10000,0);
insert into point(id,name,description,sourcetype,parenttype,parentid,pointtype,needarchive,artime,sntime,sndvalue,snivalue,arcdvalue,arcivalue,arcquality,snquality,timeout,cmpdev,cmpmintime,cmpmaxtime,ifalarm,alarmlevel,hlimit,llimit,alarmref) values(10218,'[IT0007]itavc_fminr','【IT0007】逆变器avc无功分钟级变化率',1,5,7,2,1,'','',0.1,'','','','',1,300,0.5,1,1200,2,1,10000,-10000,0);
insert into point(id,name,description,sourcetype,parenttype,parentid,pointtype,needarchive,artime,sntime,sndvalue,snivalue,arcdvalue,arcivalue,arcquality,snquality,timeout,cmpdev,cmpmintime,cmpmaxtime,ifalarm,alarmlevel,hlimit,llimit,alarmref) values(10219,'[IT0007]itavc_frace','【IT0007】逆变器avc无功单次变化率',1,5,7,2,1,'','',0.01,'','','','',1,300,0.5,1,1200,2,1,10000,-10000,0);
insert into point(id,name,description,sourcetype,parenttype,parentid,pointtype,needarchive,artime,sntime,sndvalue,snivalue,arcdvalue,arcivalue,arcquality,snquality,timeout,cmpdev,cmpmintime,cmpmaxtime,ifalarm,alarmlevel,hlimit,llimit,alarmref) values(10220,'[IT0008]itavc_targetq','【IT0008】逆变器avc目标无功值',2,5,8,4,1,'','',0,'','','','',1,300,0.5,1,1200,2,1,10000,-10000,0);
insert into point(id,name,description,sourcetype,parenttype,parentid,pointtype,needarchive,artime,sntime,sndvalue,snivalue,arcdvalue,arcivalue,arcquality,snquality,timeout,cmpdev,cmpmintime,cmpmaxtime,ifalarm,alarmlevel,hlimit,llimit,alarmref) values(70207,'[IT0008]itavc_targetv','【IT0008】逆变器avc目标电压值',2,5,1,4,1,'','',0,'','','','',1,300,0.5,1,1200,2,1,10000,-10000,0);
insert into point(id,name,description,sourcetype,parenttype,parentid,pointtype,needarchive,artime,sntime,sndvalue,snivalue,arcdvalue,arcivalue,arcquality,snquality,timeout,cmpdev,cmpmintime,cmpmaxtime,ifalarm,alarmlevel,hlimit,llimit,alarmref) values(10222,'[IT0008]itavc_avccontype','【IT0008】逆变器avc是否无功控制',1,5,8,5,1,'','','',1,'','','',1,300,0.5,1,1200,2,1,10000,-10000,0);
insert into point(id,name,description,sourcetype,parenttype,parentid,pointtype,needarchive,artime,sntime,sndvalue,snivalue,arcdvalue,arcivalue,arcquality,snquality,timeout,cmpdev,cmpmintime,cmpmaxtime,ifalarm,alarmlevel,hlimit,llimit,alarmref) values(10223,'[IT0008]itavc_qhlimit','【IT0008】逆变器avc无功上限',1,5,8,2,1,'','',1000,'','','','',1,300,0.5,1,1200,2,1,10000,-10000,0);
insert into point(id,name,description,sourcetype,parenttype,parentid,pointtype,needarchive,artime,sntime,sndvalue,snivalue,arcdvalue,arcivalue,arcquality,snquality,timeout,cmpdev,cmpmintime,cmpmaxtime,ifalarm,alarmlevel,hlimit,llimit,alarmref) values(10224,'[IT0008]itavc_qllimit','【IT0008】逆变器avc无功下限',1,5,8,2,1,'','',-200,'','','','',1,300,0.5,1,1200,2,1,10000,-10000,0);
insert into point(id,name,description,sourcetype,parenttype,parentid,pointtype,needarchive,artime,sntime,sndvalue,snivalue,arcdvalue,arcivalue,arcquality,snquality,timeout,cmpdev,cmpmintime,cmpmaxtime,ifalarm,alarmlevel,hlimit,llimit,alarmref) values(10225,'[IT0008]itavc_qdeadarea','【IT0008】逆变器avc无功设置死区',1,5,8,2,1,'','',0.1,'','','','',1,300,0.5,1,1200,2,1,10000,-10000,0);
insert into point(id,name,description,sourcetype,parenttype,parentid,pointtype,needarchive,artime,sntime,sndvalue,snivalue,arcdvalue,arcivalue,arcquality,snquality,timeout,cmpdev,cmpmintime,cmpmaxtime,ifalarm,alarmlevel,hlimit,llimit,alarmref) values(10226,'[IT0008]itavc_adjmaxarea','【IT0008】逆变器avc调节偏差范围',1,5,8,2,1,'','',200,'','','','',1,300,0.5,1,1200,2,1,10000,-10000,0);
insert into point(id,name,description,sourcetype,parenttype,parentid,pointtype,needarchive,artime,sntime,sndvalue,snivalue,arcdvalue,arcivalue,arcquality,snquality,timeout,cmpdev,cmpmintime,cmpmaxtime,ifalarm,alarmlevel,hlimit,llimit,alarmref) values(10227,'[IT0008]itavc_avcintertime','【IT0008】逆变器avc控制间隔时间',1,5,8,5,1,'','','',20,'','','',1,300,0.5,1,1200,2,1,10000,-10000,0);
insert into point(id,name,description,sourcetype,parenttype,parentid,pointtype,needarchive,artime,sntime,sndvalue,snivalue,arcdvalue,arcivalue,arcquality,snquality,timeout,cmpdev,cmpmintime,cmpmaxtime,ifalarm,alarmlevel,hlimit,llimit,alarmref) values(10228,'[IT0008]itavc_fminr','【IT0008】逆变器avc无功分钟级变化率',1,5,8,2,1,'','',0.1,'','','','',1,300,0.5,1,1200,2,1,10000,-10000,0);
insert into point(id,name,description,sourcetype,parenttype,parentid,pointtype,needarchive,artime,sntime,sndvalue,snivalue,arcdvalue,arcivalue,arcquality,snquality,timeout,cmpdev,cmpmintime,cmpmaxtime,ifalarm,alarmlevel,hlimit,llimit,alarmref) values(10229,'[IT0008]itavc_frace','【IT0008】逆变器avc无功单次变化率',1,5,8,2,1,'','',0.01,'','','','',1,300,0.5,1,1200,2,1,10000,-10000,0);
insert into point(id,name,description,sourcetype,parenttype,parentid,pointtype,needarchive,artime,sntime,sndvalue,snivalue,arcdvalue,arcivalue,arcquality,snquality,timeout,cmpdev,cmpmintime,cmpmaxtime,ifalarm,alarmlevel,hlimit,llimit,alarmref) values(10230,'[IT0009]itavc_targetq','【IT0009】逆变器avc目标无功值',2,5,9,4,1,'','',0,'','','','',1,300,0.5,1,1200,2,1,10000,-10000,0);
insert into point(id,name,description,sourcetype,parenttype,parentid,pointtype,needarchive,artime,sntime,sndvalue,snivalue,arcdvalue,arcivalue,arcquality,snquality,timeout,cmpdev,cmpmintime,cmpmaxtime,ifalarm,alarmlevel,hlimit,llimit,alarmref) values(70208,'[IT0009]itavc_targetv','【IT0009】逆变器avc目标电压值',2,5,1,4,1,'','',0,'','','','',1,300,0.5,1,1200,2,1,10000,-10000,0);
insert into point(id,name,description,sourcetype,parenttype,parentid,pointtype,needarchive,artime,sntime,sndvalue,snivalue,arcdvalue,arcivalue,arcquality,snquality,timeout,cmpdev,cmpmintime,cmpmaxtime,ifalarm,alarmlevel,hlimit,llimit,alarmref) values(10232,'[IT0009]itavc_avccontype','【IT0009】逆变器avc是否无功控制',1,5,9,5,1,'','','',1,'','','',1,300,0.5,1,1200,2,1,10000,-10000,0);
insert into point(id,name,description,sourcetype,parenttype,parentid,pointtype,needarchive,artime,sntime,sndvalue,snivalue,arcdvalue,arcivalue,arcquality,snquality,timeout,cmpdev,cmpmintime,cmpmaxtime,ifalarm,alarmlevel,hlimit,llimit,alarmref) values(10233,'[IT0009]itavc_qhlimit','【IT0009】逆变器avc无功上限',1,5,9,2,1,'','',1000,'','','','',1,300,0.5,1,1200,2,1,10000,-10000,0);
insert into point(id,name,description,sourcetype,parenttype,parentid,pointtype,needarchive,artime,sntime,sndvalue,snivalue,arcdvalue,arcivalue,arcquality,snquality,timeout,cmpdev,cmpmintime,cmpmaxtime,ifalarm,alarmlevel,hlimit,llimit,alarmref) values(10234,'[IT0009]itavc_qllimit','【IT0009】逆变器avc无功下限',1,5,9,2,1,'','',-200,'','','','',1,300,0.5,1,1200,2,1,10000,-10000,0);
insert into point(id,name,description,sourcetype,parenttype,parentid,pointtype,needarchive,artime,sntime,sndvalue,snivalue,arcdvalue,arcivalue,arcquality,snquality,timeout,cmpdev,cmpmintime,cmpmaxtime,ifalarm,alarmlevel,hlimit,llimit,alarmref) values(10235,'[IT0009]itavc_qdeadarea','【IT0009】逆变器avc无功设置死区',1,5,9,2,1,'','',0.1,'','','','',1,300,0.5,1,1200,2,1,10000,-10000,0);
insert into point(id,name,description,sourcetype,parenttype,parentid,pointtype,needarchive,artime,sntime,sndvalue,snivalue,arcdvalue,arcivalue,arcquality,snquality,timeout,cmpdev,cmpmintime,cmpmaxtime,ifalarm,alarmlevel,hlimit,llimit,alarmref) values(10236,'[IT0009]itavc_adjmaxarea','【IT0009】逆变器avc调节偏差范围',1,5,9,2,1,'','',200,'','','','',1,300,0.5,1,1200,2,1,10000,-10000,0);
insert into point(id,name,description,sourcetype,parenttype,parentid,pointtype,needarchive,artime,sntime,sndvalue,snivalue,arcdvalue,arcivalue,arcquality,snquality,timeout,cmpdev,cmpmintime,cmpmaxtime,ifalarm,alarmlevel,hlimit,llimit,alarmref) values(10237,'[IT0009]itavc_avcintertime','【IT0009】逆变器avc控制间隔时间',1,5,9,5,1,'','','',20,'','','',1,300,0.5,1,1200,2,1,10000,-10000,0);
insert into point(id,name,description,sourcetype,parenttype,parentid,pointtype,needarchive,artime,sntime,sndvalue,snivalue,arcdvalue,arcivalue,arcquality,snquality,timeout,cmpdev,cmpmintime,cmpmaxtime,ifalarm,alarmlevel,hlimit,llimit,alarmref) values(10238,'[IT0009]itavc_fminr','【IT0009】逆变器avc无功分钟级变化率',1,5,9,2,1,'','',0.1,'','','','',1,300,0.5,1,1200,2,1,10000,-10000,0);
insert into point(id,name,description,sourcetype,parenttype,parentid,pointtype,needarchive,artime,sntime,sndvalue,snivalue,arcdvalue,arcivalue,arcquality,snquality,timeout,cmpdev,cmpmintime,cmpmaxtime,ifalarm,alarmlevel,hlimit,llimit,alarmref) values(10239,'[IT0009]itavc_frace','【IT0009】逆变器avc无功单次变化率',1,5,9,2,1,'','',0.01,'','','','',1,300,0.5,1,1200,2,1,10000,-10000,0);
insert into point(id,name,description,sourcetype,parenttype,parentid,pointtype,needarchive,artime,sntime,sndvalue,snivalue,arcdvalue,arcivalue,arcquality,snquality,timeout,cmpdev,cmpmintime,cmpmaxtime,ifalarm,alarmlevel,hlimit,llimit,alarmref) values(10240,'[IT00010]itavc_targetq','【IT00010】逆变器avc目标无功值',2,5,10,4,1,'','',0,'','','','',1,300,0.5,1,1200,2,1,10000,-10000,0);
insert into point(id,name,description,sourcetype,parenttype,parentid,pointtype,needarchive,artime,sntime,sndvalue,snivalue,arcdvalue,arcivalue,arcquality,snquality,timeout,cmpdev,cmpmintime,cmpmaxtime,ifalarm,alarmlevel,hlimit,llimit,alarmref) values(70209,'[IT00010]itavc_targetv','【IT00010】逆变器avc目标电压值',2,5,1,4,1,'','',0,'','','','',1,300,0.5,1,1200,2,1,10000,-10000,0);
insert into point(id,name,description,sourcetype,parenttype,parentid,pointtype,needarchive,artime,sntime,sndvalue,snivalue,arcdvalue,arcivalue,arcquality,snquality,timeout,cmpdev,cmpmintime,cmpmaxtime,ifalarm,alarmlevel,hlimit,llimit,alarmref) values(10242,'[IT00010]itavc_avccontype','【IT00010】逆变器avc是否无功控制',1,5,10,5,1,'','','',1,'','','',1,300,0.5,1,1200,2,1,10000,-10000,0);
insert into point(id,name,description,sourcetype,parenttype,parentid,pointtype,needarchive,artime,sntime,sndvalue,snivalue,arcdvalue,arcivalue,arcquality,snquality,timeout,cmpdev,cmpmintime,cmpmaxtime,ifalarm,alarmlevel,hlimit,llimit,alarmref) values(10243,'[IT00010]itavc_qhlimit','【IT00010】逆变器avc无功上限',1,5,10,2,1,'','',1000,'','','','',1,300,0.5,1,1200,2,1,10000,-10000,0);
insert into point(id,name,description,sourcetype,parenttype,parentid,pointtype,needarchive,artime,sntime,sndvalue,snivalue,arcdvalue,arcivalue,arcquality,snquality,timeout,cmpdev,cmpmintime,cmpmaxtime,ifalarm,alarmlevel,hlimit,llimit,alarmref) values(10244,'[IT00010]itavc_qllimit','【IT00010】逆变器avc无功下限',1,5,10,2,1,'','',-200,'','','','',1,300,0.5,1,1200,2,1,10000,-10000,0);
insert into point(id,name,description,sourcetype,parenttype,parentid,pointtype,needarchive,artime,sntime,sndvalue,snivalue,arcdvalue,arcivalue,arcquality,snquality,timeout,cmpdev,cmpmintime,cmpmaxtime,ifalarm,alarmlevel,hlimit,llimit,alarmref) values(10245,'[IT00010]itavc_qdeadarea','【IT00010】逆变器avc无功设置死区',1,5,10,2,1,'','',0.1,'','','','',1,300,0.5,1,1200,2,1,10000,-10000,0);
insert into point(id,name,description,sourcetype,parenttype,parentid,pointtype,needarchive,artime,sntime,sndvalue,snivalue,arcdvalue,arcivalue,arcquality,snquality,timeout,cmpdev,cmpmintime,cmpmaxtime,ifalarm,alarmlevel,hlimit,llimit,alarmref) values(10246,'[IT00010]itavc_adjmaxarea','【IT00010】逆变器avc调节偏差范围',1,5,10,2,1,'','',200,'','','','',1,300,0.5,1,1200,2,1,10000,-10000,0);
insert into point(id,name,description,sourcetype,parenttype,parentid,pointtype,needarchive,artime,sntime,sndvalue,snivalue,arcdvalue,arcivalue,arcquality,snquality,timeout,cmpdev,cmpmintime,cmpmaxtime,ifalarm,alarmlevel,hlimit,llimit,alarmref) values(10247,'[IT00010]itavc_avcintertime','【IT00010】逆变器avc控制间隔时间',1,5,10,5,1,'','','',20,'','','',1,300,0.5,1,1200,2,1,10000,-10000,0);
insert into point(id,name,description,sourcetype,parenttype,parentid,pointtype,needarchive,artime,sntime,sndvalue,snivalue,arcdvalue,arcivalue,arcquality,snquality,timeout,cmpdev,cmpmintime,cmpmaxtime,ifalarm,alarmlevel,hlimit,llimit,alarmref) values(10248,'[IT00010]itavc_fminr','【IT00010】逆变器avc无功分钟级变化率',1,5,10,2,1,'','',0.1,'','','','',1,300,0.5,1,1200,2,1,10000,-10000,0);
insert into point(id,name,description,sourcetype,parenttype,parentid,pointtype,needarchive,artime,sntime,sndvalue,snivalue,arcdvalue,arcivalue,arcquality,snquality,timeout,cmpdev,cmpmintime,cmpmaxtime,ifalarm,alarmlevel,hlimit,llimit,alarmref) values(10249,'[IT00010]itavc_frace','【IT00010】逆变器avc无功单次变化率',1,5,10,2,1,'','',0.01,'','','','',1,300,0.5,1,1200,2,1,10000,-10000,0);

insert into point(id,name,description,sourcetype,parenttype,parentid,pointtype,needarchive,artime,sntime,sndvalue,snivalue,arcdvalue,arcivalue,arcquality,snquality,timeout,cmpdev,cmpmintime,cmpmaxtime,ifalarm,alarmlevel,hlimit,llimit,alarmref) values(10250,'[IT0001]itagc_targetp','【IT0001】逆变器agc目标出力',2,6,1,4,1,'','',0,'','','','',1,300,0.5,1,1200,2,1,10000,-10000,0);
insert into point(id,name,description,sourcetype,parenttype,parentid,pointtype,needarchive,artime,sntime,sndvalue,snivalue,arcdvalue,arcivalue,arcquality,snquality,timeout,cmpdev,cmpmintime,cmpmaxtime,ifalarm,alarmlevel,hlimit,llimit,alarmref) values(10252,'[IT0001]itagc_conintertime','【IT0001】逆变器agc控制间隔时间',1,6,1,5,1,'','','',20,'','','',1,300,0.5,1,1200,2,1,10000,-10000,0);
insert into point(id,name,description,sourcetype,parenttype,parentid,pointtype,needarchive,artime,sntime,sndvalue,snivalue,arcdvalue,arcivalue,arcquality,snquality,timeout,cmpdev,cmpmintime,cmpmaxtime,ifalarm,alarmlevel,hlimit,llimit,alarmref) values(10253,'[IT0001]itagc_phlimit','【IT0001】逆变器agc出力上限',1,6,1,2,1,'','',500,'','','','',1,300,0.5,1,1200,2,1,10000,-10000,0);
insert into point(id,name,description,sourcetype,parenttype,parentid,pointtype,needarchive,artime,sntime,sndvalue,snivalue,arcdvalue,arcivalue,arcquality,snquality,timeout,cmpdev,cmpmintime,cmpmaxtime,ifalarm,alarmlevel,hlimit,llimit,alarmref) values(10254,'[IT0001]itagc_pllimit','【IT0001】逆变器agc出力下限',1,6,1,2,1,'','',-100,'','','','',1,300,0.5,1,1200,2,1,10000,-10000,0);
#insert into point(id,name,description,sourcetype,parenttype,parentid,pointtype,needarchive,artime,sntime,sndvalue,snivalue,arcdvalue,arcivalue,arcquality,snquality,timeout,cmpdev,cmpmintime,cmpmaxtime,ifalarm,alarmlevel,hlimit,llimit,alarmref) values(10255,'[IT0001]itagc_ephlimit','【IT0001】逆变器agc经济出力上限',0,6,1,2,1,'','',0,'','','','',1,300,0.5,1,1200,2,1,10000,-10000,0);
#insert into point(id,name,description,sourcetype,parenttype,parentid,pointtype,needarchive,artime,sntime,sndvalue,snivalue,arcdvalue,arcivalue,arcquality,snquality,timeout,cmpdev,cmpmintime,cmpmaxtime,ifalarm,alarmlevel,hlimit,llimit,alarmref) values(10256,'[IT0001]itagc_epllimit','【IT0001】逆变器agc经济出力下限',0,6,1,2,1,'','',0,'','','','',1,300,0.5,1,1200,2,1,10000,-10000,0);
insert into point(id,name,description,sourcetype,parenttype,parentid,pointtype,needarchive,artime,sntime,sndvalue,snivalue,arcdvalue,arcivalue,arcquality,snquality,timeout,cmpdev,cmpmintime,cmpmaxtime,ifalarm,alarmlevel,hlimit,llimit,alarmref) values(10257,'[IT0001]itagc_pdeadarea','【IT0001】逆变器agc出力控制死区',1,6,1,2,1,'','',0.1,'','','','',1,300,0.5,1,1200,2,1,10000,-10000,0);
insert into point(id,name,description,sourcetype,parenttype,parentid,pointtype,needarchive,artime,sntime,sndvalue,snivalue,arcdvalue,arcivalue,arcquality,snquality,timeout,cmpdev,cmpmintime,cmpmaxtime,ifalarm,alarmlevel,hlimit,llimit,alarmref) values(10258,'[IT0001]itagc_fprocmax','【IT0001】逆变器agc出力最大功率变化率',1,6,1,2,1,'','',0.01,'','','','',1,300,0.5,1,1200,2,1,10000,-10000,0);
#insert into point(id,name,description,sourcetype,parenttype,parentid,pointtype,needarchive,artime,sntime,sndvalue,snivalue,arcdvalue,arcivalue,arcquality,snquality,timeout,cmpdev,cmpmintime,cmpmaxtime,ifalarm,alarmlevel,hlimit,llimit,alarmref) values(10259,'[IT0001]itagc_fpcrocmax','【IT0001】逆变器agc集电线路出力持续最大功率变化率',0,6,1,2,1,'','',0.5,'','','','',1,300,0.5,1,1200,2,1,10000,-10000,0);
#insert into point(id,name,description,sourcetype,parenttype,parentid,pointtype,needarchive,artime,sntime,sndvalue,snivalue,arcdvalue,arcivalue,arcquality,snquality,timeout,cmpdev,cmpmintime,cmpmaxtime,ifalarm,alarmlevel,hlimit,llimit,alarmref) values(10260,'[IT0001]itagc_agcuupv','【IT0001】逆变器agc升出力响应速度',0,6,1,2,1,'','',0,'','','','',1,300,0.5,1,1200,2,1,10000,-10000,0);
#insert into point(id,name,description,sourcetype,parenttype,parentid,pointtype,needarchive,artime,sntime,sndvalue,snivalue,arcdvalue,arcivalue,arcquality,snquality,timeout,cmpdev,cmpmintime,cmpmaxtime,ifalarm,alarmlevel,hlimit,llimit,alarmref) values(10261,'[IT0001]itagc_agcudpv','【IT0001】逆变器agc降出力响应速度',0,6,1,2,1,'','',0,'','','','',1,300,0.5,1,1200,2,1,10000,-10000,0);
insert into point(id,name,description,sourcetype,parenttype,parentid,pointtype,needarchive,artime,sntime,sndvalue,snivalue,arcdvalue,arcivalue,arcquality,snquality,timeout,cmpdev,cmpmintime,cmpmaxtime,ifalarm,alarmlevel,hlimit,llimit,alarmref) values(10262,'[IT0002]itagc_targetp','【IT0002】逆变器agc目标出力',2,6,2,4,1,'','',0,'','','','',1,300,0.5,1,1200,2,1,10000,-10000,0);
insert into point(id,name,description,sourcetype,parenttype,parentid,pointtype,needarchive,artime,sntime,sndvalue,snivalue,arcdvalue,arcivalue,arcquality,snquality,timeout,cmpdev,cmpmintime,cmpmaxtime,ifalarm,alarmlevel,hlimit,llimit,alarmref) values(10264,'[IT0002]itagc_conintertime','【IT0002】逆变器agc控制间隔时间',1,6,2,5,1,'','','',20,'','','',1,300,0.5,1,1200,2,1,10000,-10000,0);
insert into point(id,name,description,sourcetype,parenttype,parentid,pointtype,needarchive,artime,sntime,sndvalue,snivalue,arcdvalue,arcivalue,arcquality,snquality,timeout,cmpdev,cmpmintime,cmpmaxtime,ifalarm,alarmlevel,hlimit,llimit,alarmref) values(10265,'[IT0002]itagc_phlimit','【IT0002】逆变器agc出力上限',1,6,2,2,1,'','',500,'','','','',1,300,0.5,1,1200,2,1,10000,-10000,0);
insert into point(id,name,description,sourcetype,parenttype,parentid,pointtype,needarchive,artime,sntime,sndvalue,snivalue,arcdvalue,arcivalue,arcquality,snquality,timeout,cmpdev,cmpmintime,cmpmaxtime,ifalarm,alarmlevel,hlimit,llimit,alarmref) values(10266,'[IT0002]itagc_pllimit','【IT0002】逆变器agc出力下限',1,6,2,2,1,'','',-100,'','','','',1,300,0.5,1,1200,2,1,10000,-10000,0);
#insert into point(id,name,description,sourcetype,parenttype,parentid,pointtype,needarchive,artime,sntime,sndvalue,snivalue,arcdvalue,arcivalue,arcquality,snquality,timeout,cmpdev,cmpmintime,cmpmaxtime,ifalarm,alarmlevel,hlimit,llimit,alarmref) values(10267,'[IT0002]itagc_ephlimit','【IT0002】逆变器agc经济出力上限',0,6,2,2,1,'','',0,'','','','',1,300,0.5,1,1200,2,1,10000,-10000,0);
#insert into point(id,name,description,sourcetype,parenttype,parentid,pointtype,needarchive,artime,sntime,sndvalue,snivalue,arcdvalue,arcivalue,arcquality,snquality,timeout,cmpdev,cmpmintime,cmpmaxtime,ifalarm,alarmlevel,hlimit,llimit,alarmref) values(10268,'[IT0002]itagc_epllimit','【IT0002】逆变器agc经济出力下限',0,6,2,2,1,'','',0,'','','','',1,300,0.5,1,1200,2,1,10000,-10000,0);
insert into point(id,name,description,sourcetype,parenttype,parentid,pointtype,needarchive,artime,sntime,sndvalue,snivalue,arcdvalue,arcivalue,arcquality,snquality,timeout,cmpdev,cmpmintime,cmpmaxtime,ifalarm,alarmlevel,hlimit,llimit,alarmref) values(10269,'[IT0002]itagc_pdeadarea','【IT0002】逆变器agc出力控制死区',1,6,2,2,1,'','',0.1,'','','','',1,300,0.5,1,1200,2,1,10000,-10000,0);
insert into point(id,name,description,sourcetype,parenttype,parentid,pointtype,needarchive,artime,sntime,sndvalue,snivalue,arcdvalue,arcivalue,arcquality,snquality,timeout,cmpdev,cmpmintime,cmpmaxtime,ifalarm,alarmlevel,hlimit,llimit,alarmref) values(10270,'[IT0002]itagc_fprocmax','【IT0002】逆变器agc出力最大功率变化率',1,6,2,2,1,'','',0.01,'','','','',1,300,0.5,1,1200,2,1,10000,-10000,0);
#insert into point(id,name,description,sourcetype,parenttype,parentid,pointtype,needarchive,artime,sntime,sndvalue,snivalue,arcdvalue,arcivalue,arcquality,snquality,timeout,cmpdev,cmpmintime,cmpmaxtime,ifalarm,alarmlevel,hlimit,llimit,alarmref) values(10271,'[IT0002]itagc_fpcrocmax','【IT0002】逆变器agc集电线路出力持续最大功率变化率',0,6,2,2,1,'','',0.5,'','','','',1,300,0.5,1,1200,2,1,10000,-10000,0);
#insert into point(id,name,description,sourcetype,parenttype,parentid,pointtype,needarchive,artime,sntime,sndvalue,snivalue,arcdvalue,arcivalue,arcquality,snquality,timeout,cmpdev,cmpmintime,cmpmaxtime,ifalarm,alarmlevel,hlimit,llimit,alarmref) values(10272,'[IT0002]itagc_agcuupv','【IT0002】逆变器agc升出力响应速度',0,6,3,2,1,'','',0,'','','','',1,300,0.5,1,1200,2,1,10000,-10000,0);
#insert into point(id,name,description,sourcetype,parenttype,parentid,pointtype,needarchive,artime,sntime,sndvalue,snivalue,arcdvalue,arcivalue,arcquality,snquality,timeout,cmpdev,cmpmintime,cmpmaxtime,ifalarm,alarmlevel,hlimit,llimit,alarmref) values(10273,'[IT0002]itagc_agcudpv','【IT0002】逆变器agc降出力响应速度',0,6,3,2,1,'','',0,'','','','',1,300,0.5,1,1200,2,1,10000,-10000,0);
insert into point(id,name,description,sourcetype,parenttype,parentid,pointtype,needarchive,artime,sntime,sndvalue,snivalue,arcdvalue,arcivalue,arcquality,snquality,timeout,cmpdev,cmpmintime,cmpmaxtime,ifalarm,alarmlevel,hlimit,llimit,alarmref) values(10274,'[IT0003]itagc_targetp','【IT0003】逆变器agc目标出力',2,6,3,4,1,'','',0,'','','','',1,300,0.5,1,1200,2,1,10000,-10000,0);
insert into point(id,name,description,sourcetype,parenttype,parentid,pointtype,needarchive,artime,sntime,sndvalue,snivalue,arcdvalue,arcivalue,arcquality,snquality,timeout,cmpdev,cmpmintime,cmpmaxtime,ifalarm,alarmlevel,hlimit,llimit,alarmref) values(10276,'[IT0003]itagc_conintertime','【IT0003】逆变器agc控制间隔时间',1,6,3,5,1,'','','',20,'','','',1,300,0.5,1,1200,2,1,10000,-10000,0);
insert into point(id,name,description,sourcetype,parenttype,parentid,pointtype,needarchive,artime,sntime,sndvalue,snivalue,arcdvalue,arcivalue,arcquality,snquality,timeout,cmpdev,cmpmintime,cmpmaxtime,ifalarm,alarmlevel,hlimit,llimit,alarmref) values(10277,'[IT0003]itagc_phlimit','【IT0003】逆变器agc出力上限',1,6,3,2,1,'','',500,'','','','',1,300,0.5,1,1200,2,1,10000,-10000,0);
insert into point(id,name,description,sourcetype,parenttype,parentid,pointtype,needarchive,artime,sntime,sndvalue,snivalue,arcdvalue,arcivalue,arcquality,snquality,timeout,cmpdev,cmpmintime,cmpmaxtime,ifalarm,alarmlevel,hlimit,llimit,alarmref) values(10278,'[IT0003]itagc_pllimit','【IT0003】逆变器agc出力下限',1,6,3,2,1,'','',-100,'','','','',1,300,0.5,1,1200,2,1,10000,-10000,0);
#insert into point(id,name,description,sourcetype,parenttype,parentid,pointtype,needarchive,artime,sntime,sndvalue,snivalue,arcdvalue,arcivalue,arcquality,snquality,timeout,cmpdev,cmpmintime,cmpmaxtime,ifalarm,alarmlevel,hlimit,llimit,alarmref) values(10279,'[IT0003]itagc_ephlimit','【IT0003】逆变器agc经济出力上限',0,6,3,2,1,'','',0,'','','','',1,300,0.5,1,1200,2,1,10000,-10000,0);
#insert into point(id,name,description,sourcetype,parenttype,parentid,pointtype,needarchive,artime,sntime,sndvalue,snivalue,arcdvalue,arcivalue,arcquality,snquality,timeout,cmpdev,cmpmintime,cmpmaxtime,ifalarm,alarmlevel,hlimit,llimit,alarmref) values(10280,'[IT0003]itagc_epllimit','【IT0003】逆变器agc经济出力下限',0,6,3,2,1,'','',0,'','','','',1,300,0.5,1,1200,2,1,10000,-10000,0);
insert into point(id,name,description,sourcetype,parenttype,parentid,pointtype,needarchive,artime,sntime,sndvalue,snivalue,arcdvalue,arcivalue,arcquality,snquality,timeout,cmpdev,cmpmintime,cmpmaxtime,ifalarm,alarmlevel,hlimit,llimit,alarmref) values(10281,'[IT0003]itagc_pdeadarea','【IT0003】逆变器agc出力控制死区',1,6,3,2,1,'','',0.1,'','','','',1,300,0.5,1,1200,2,1,10000,-10000,0);
insert into point(id,name,description,sourcetype,parenttype,parentid,pointtype,needarchive,artime,sntime,sndvalue,snivalue,arcdvalue,arcivalue,arcquality,snquality,timeout,cmpdev,cmpmintime,cmpmaxtime,ifalarm,alarmlevel,hlimit,llimit,alarmref) values(10282,'[IT0003]itagc_fprocmax','【IT0003】逆变器agc出力最大功率变化率',1,6,3,2,1,'','',0.01,'','','','',1,300,0.5,1,1200,2,1,10000,-10000,0);
#insert into point(id,name,description,sourcetype,parenttype,parentid,pointtype,needarchive,artime,sntime,sndvalue,snivalue,arcdvalue,arcivalue,arcquality,snquality,timeout,cmpdev,cmpmintime,cmpmaxtime,ifalarm,alarmlevel,hlimit,llimit,alarmref) values(10283,'[IT0003]itagc_fpcrocmax','【IT0003】逆变器agc集电线路出力持续最大功率变化率',0,6,3,2,1,'','',0.5,'','','','',1,300,0.5,1,1200,2,1,10000,-10000,0);
#insert into point(id,name,description,sourcetype,parenttype,parentid,pointtype,needarchive,artime,sntime,sndvalue,snivalue,arcdvalue,arcivalue,arcquality,snquality,timeout,cmpdev,cmpmintime,cmpmaxtime,ifalarm,alarmlevel,hlimit,llimit,alarmref) values(10284,'[IT0003]itagc_agcuupv','【IT0003】逆变器agc升出力响应速度',0,6,3,2,1,'','',0,'','','','',1,300,0.5,1,1200,2,1,10000,-10000,0);
#insert into point(id,name,description,sourcetype,parenttype,parentid,pointtype,needarchive,artime,sntime,sndvalue,snivalue,arcdvalue,arcivalue,arcquality,snquality,timeout,cmpdev,cmpmintime,cmpmaxtime,ifalarm,alarmlevel,hlimit,llimit,alarmref) values(10285,'[IT0003]itagc_agcudpv','【IT0003】逆变器agc降出力响应速度',0,6,3,2,1,'','',0,'','','','',1,300,0.5,1,1200,2,1,10000,-10000,0);
insert into point(id,name,description,sourcetype,parenttype,parentid,pointtype,needarchive,artime,sntime,sndvalue,snivalue,arcdvalue,arcivalue,arcquality,snquality,timeout,cmpdev,cmpmintime,cmpmaxtime,ifalarm,alarmlevel,hlimit,llimit,alarmref) values(10286,'[IT0004]itagc_targetp','【IT0004】逆变器agc目标出力',2,6,4,4,1,'','',0,'','','','',1,300,0.5,1,1200,2,1,10000,-10000,0);
insert into point(id,name,description,sourcetype,parenttype,parentid,pointtype,needarchive,artime,sntime,sndvalue,snivalue,arcdvalue,arcivalue,arcquality,snquality,timeout,cmpdev,cmpmintime,cmpmaxtime,ifalarm,alarmlevel,hlimit,llimit,alarmref) values(10288,'[IT0004]itagc_conintertime','【IT0004】逆变器agc控制间隔时间',1,6,4,5,1,'','','',20,'','','',1,300,0.5,1,1200,2,1,10000,-10000,0);
insert into point(id,name,description,sourcetype,parenttype,parentid,pointtype,needarchive,artime,sntime,sndvalue,snivalue,arcdvalue,arcivalue,arcquality,snquality,timeout,cmpdev,cmpmintime,cmpmaxtime,ifalarm,alarmlevel,hlimit,llimit,alarmref) values(10289,'[IT0004]itagc_phlimit','【IT0004】逆变器agc出力上限',1,6,4,2,1,'','',500,'','','','',1,300,0.5,1,1200,2,1,10000,-10000,0);
insert into point(id,name,description,sourcetype,parenttype,parentid,pointtype,needarchive,artime,sntime,sndvalue,snivalue,arcdvalue,arcivalue,arcquality,snquality,timeout,cmpdev,cmpmintime,cmpmaxtime,ifalarm,alarmlevel,hlimit,llimit,alarmref) values(10290,'[IT0004]itagc_pllimit','【IT0004】逆变器agc出力下限',1,6,4,2,1,'','',-100,'','','','',1,300,0.5,1,1200,2,1,10000,-10000,0);
#insert into point(id,name,description,sourcetype,parenttype,parentid,pointtype,needarchive,artime,sntime,sndvalue,snivalue,arcdvalue,arcivalue,arcquality,snquality,timeout,cmpdev,cmpmintime,cmpmaxtime,ifalarm,alarmlevel,hlimit,llimit,alarmref) values(10291,'[IT0004]itagc_ephlimit','【IT0004】逆变器agc经济出力上限',0,6,4,2,1,'','',0,'','','','',1,300,0.5,1,1200,2,1,10000,-10000,0);
#insert into point(id,name,description,sourcetype,parenttype,parentid,pointtype,needarchive,artime,sntime,sndvalue,snivalue,arcdvalue,arcivalue,arcquality,snquality,timeout,cmpdev,cmpmintime,cmpmaxtime,ifalarm,alarmlevel,hlimit,llimit,alarmref) values(10292,'[IT0004]itagc_epllimit','【IT0004】逆变器agc经济出力下限',0,6,4,2,1,'','',0,'','','','',1,300,0.5,1,1200,2,1,10000,-10000,0);
insert into point(id,name,description,sourcetype,parenttype,parentid,pointtype,needarchive,artime,sntime,sndvalue,snivalue,arcdvalue,arcivalue,arcquality,snquality,timeout,cmpdev,cmpmintime,cmpmaxtime,ifalarm,alarmlevel,hlimit,llimit,alarmref) values(10293,'[IT0004]itagc_pdeadarea','【IT0004】逆变器agc出力控制死区',1,6,4,2,1,'','',0.1,'','','','',1,300,0.5,1,1200,2,1,10000,-10000,0);
insert into point(id,name,description,sourcetype,parenttype,parentid,pointtype,needarchive,artime,sntime,sndvalue,snivalue,arcdvalue,arcivalue,arcquality,snquality,timeout,cmpdev,cmpmintime,cmpmaxtime,ifalarm,alarmlevel,hlimit,llimit,alarmref) values(10294,'[IT0004]itagc_fprocmax','【IT0004】逆变器agc出力最大功率变化率',1,6,4,2,1,'','',0.01,'','','','',1,300,0.5,1,1200,2,1,10000,-10000,0);
#insert into point(id,name,description,sourcetype,parenttype,parentid,pointtype,needarchive,artime,sntime,sndvalue,snivalue,arcdvalue,arcivalue,arcquality,snquality,timeout,cmpdev,cmpmintime,cmpmaxtime,ifalarm,alarmlevel,hlimit,llimit,alarmref) values(10295,'[IT0004]itagc_fpcrocmax','【IT0004】逆变器agc集电线路出力持续最大功率变化率',0,6,4,2,1,'','',0.5,'','','','',1,300,0.5,1,1200,2,1,10000,-10000,0);
#insert into point(id,name,description,sourcetype,parenttype,parentid,pointtype,needarchive,artime,sntime,sndvalue,snivalue,arcdvalue,arcivalue,arcquality,snquality,timeout,cmpdev,cmpmintime,cmpmaxtime,ifalarm,alarmlevel,hlimit,llimit,alarmref) values(10296,'[IT0004]itagc_agcuupv','【IT0004】逆变器agc升出力响应速度',0,6,4,2,1,'','',0,'','','','',1,300,0.5,1,1200,2,1,10000,-10000,0);
#insert into point(id,name,description,sourcetype,parenttype,parentid,pointtype,needarchive,artime,sntime,sndvalue,snivalue,arcdvalue,arcivalue,arcquality,snquality,timeout,cmpdev,cmpmintime,cmpmaxtime,ifalarm,alarmlevel,hlimit,llimit,alarmref) values(10297,'[IT0004]itagc_agcudpv','【IT0004】逆变器agc降出力响应速度',0,6,4,2,1,'','',0,'','','','',1,300,0.5,1,1200,2,1,10000,-10000,0);
insert into point(id,name,description,sourcetype,parenttype,parentid,pointtype,needarchive,artime,sntime,sndvalue,snivalue,arcdvalue,arcivalue,arcquality,snquality,timeout,cmpdev,cmpmintime,cmpmaxtime,ifalarm,alarmlevel,hlimit,llimit,alarmref) values(10298,'[IT0005]itagc_targetp','【IT0005】逆变器agc目标出力',2,6,5,4,1,'','',0,'','','','',1,300,0.5,1,1200,2,1,10000,-10000,0);
insert into point(id,name,description,sourcetype,parenttype,parentid,pointtype,needarchive,artime,sntime,sndvalue,snivalue,arcdvalue,arcivalue,arcquality,snquality,timeout,cmpdev,cmpmintime,cmpmaxtime,ifalarm,alarmlevel,hlimit,llimit,alarmref) values(10300,'[IT0005]itagc_conintertime','【IT0005】逆变器agc控制间隔时间',1,6,5,5,1,'','','',20,'','','',1,300,0.5,1,1200,2,1,10000,-10000,0);
insert into point(id,name,description,sourcetype,parenttype,parentid,pointtype,needarchive,artime,sntime,sndvalue,snivalue,arcdvalue,arcivalue,arcquality,snquality,timeout,cmpdev,cmpmintime,cmpmaxtime,ifalarm,alarmlevel,hlimit,llimit,alarmref) values(10301,'[IT0005]itagc_phlimit','【IT0005】逆变器agc出力上限',1,6,5,2,1,'','',500,'','','','',1,300,0.5,1,1200,2,1,10000,-10000,0);
insert into point(id,name,description,sourcetype,parenttype,parentid,pointtype,needarchive,artime,sntime,sndvalue,snivalue,arcdvalue,arcivalue,arcquality,snquality,timeout,cmpdev,cmpmintime,cmpmaxtime,ifalarm,alarmlevel,hlimit,llimit,alarmref) values(10302,'[IT0005]itagc_pllimit','【IT0005】逆变器agc出力下限',1,6,5,2,1,'','',-100,'','','','',1,300,0.5,1,1200,2,1,10000,-10000,0);
#insert into point(id,name,description,sourcetype,parenttype,parentid,pointtype,needarchive,artime,sntime,sndvalue,snivalue,arcdvalue,arcivalue,arcquality,snquality,timeout,cmpdev,cmpmintime,cmpmaxtime,ifalarm,alarmlevel,hlimit,llimit,alarmref) values(10303,'[IT0005]itagc_ephlimit','【IT0005】逆变器agc经济出力上限',0,6,5,2,1,'','',0,'','','','',1,300,0.5,1,1200,2,1,10000,-10000,0);
#insert into point(id,name,description,sourcetype,parenttype,parentid,pointtype,needarchive,artime,sntime,sndvalue,snivalue,arcdvalue,arcivalue,arcquality,snquality,timeout,cmpdev,cmpmintime,cmpmaxtime,ifalarm,alarmlevel,hlimit,llimit,alarmref) values(10304,'[IT0005]itagc_epllimit','【IT0005】逆变器agc经济出力下限',0,6,5,2,1,'','',0,'','','','',1,300,0.5,1,1200,2,1,10000,-10000,0);
insert into point(id,name,description,sourcetype,parenttype,parentid,pointtype,needarchive,artime,sntime,sndvalue,snivalue,arcdvalue,arcivalue,arcquality,snquality,timeout,cmpdev,cmpmintime,cmpmaxtime,ifalarm,alarmlevel,hlimit,llimit,alarmref) values(10305,'[IT0005]itagc_pdeadarea','【IT0005】逆变器agc出力控制死区',1,6,5,2,1,'','',0.1,'','','','',1,300,0.5,1,1200,2,1,10000,-10000,0);
insert into point(id,name,description,sourcetype,parenttype,parentid,pointtype,needarchive,artime,sntime,sndvalue,snivalue,arcdvalue,arcivalue,arcquality,snquality,timeout,cmpdev,cmpmintime,cmpmaxtime,ifalarm,alarmlevel,hlimit,llimit,alarmref) values(10306,'[IT0005]itagc_fprocmax','【IT0005】逆变器agc出力最大功率变化率',1,6,5,2,1,'','',0.01,'','','','',1,300,0.5,1,1200,2,1,10000,-10000,0);
#insert into point(id,name,description,sourcetype,parenttype,parentid,pointtype,needarchive,artime,sntime,sndvalue,snivalue,arcdvalue,arcivalue,arcquality,snquality,timeout,cmpdev,cmpmintime,cmpmaxtime,ifalarm,alarmlevel,hlimit,llimit,alarmref) values(10307,'[IT0005]itagc_fpcrocmax','【IT0005】逆变器agc集电线路出力持续最大功率变化率',0,6,5,2,1,'','',0.5,'','','','',1,300,0.5,1,1200,2,1,10000,-10000,0);
#insert into point(id,name,description,sourcetype,parenttype,parentid,pointtype,needarchive,artime,sntime,sndvalue,snivalue,arcdvalue,arcivalue,arcquality,snquality,timeout,cmpdev,cmpmintime,cmpmaxtime,ifalarm,alarmlevel,hlimit,llimit,alarmref) values(10308,'[IT0005]itagc_agcuupv','【IT0005】逆变器agc升出力响应速度',0,6,5,2,1,'','',0,'','','','',1,300,0.5,1,1200,2,1,10000,-10000,0);
#insert into point(id,name,description,sourcetype,parenttype,parentid,pointtype,needarchive,artime,sntime,sndvalue,snivalue,arcdvalue,arcivalue,arcquality,snquality,timeout,cmpdev,cmpmintime,cmpmaxtime,ifalarm,alarmlevel,hlimit,llimit,alarmref) values(10309,'[IT0005]itagc_agcudpv','【IT0005】逆变器agc降出力响应速度',0,6,5,2,1,'','',0,'','','','',1,300,0.5,1,1200,2,1,10000,-10000,0);
insert into point(id,name,description,sourcetype,parenttype,parentid,pointtype,needarchive,artime,sntime,sndvalue,snivalue,arcdvalue,arcivalue,arcquality,snquality,timeout,cmpdev,cmpmintime,cmpmaxtime,ifalarm,alarmlevel,hlimit,llimit,alarmref) values(10310,'[IT0006]itagc_targetp','【IT0006】逆变器agc目标出力',2,6,6,4,1,'','',0,'','','','',1,300,0.5,1,1200,2,1,10000,-10000,0);
insert into point(id,name,description,sourcetype,parenttype,parentid,pointtype,needarchive,artime,sntime,sndvalue,snivalue,arcdvalue,arcivalue,arcquality,snquality,timeout,cmpdev,cmpmintime,cmpmaxtime,ifalarm,alarmlevel,hlimit,llimit,alarmref) values(10312,'[IT0006]itagc_conintertime','【IT0006】逆变器agc控制间隔时间',1,6,6,5,1,'','','',20,'','','',1,300,0.5,1,1200,2,1,10000,-10000,0);
insert into point(id,name,description,sourcetype,parenttype,parentid,pointtype,needarchive,artime,sntime,sndvalue,snivalue,arcdvalue,arcivalue,arcquality,snquality,timeout,cmpdev,cmpmintime,cmpmaxtime,ifalarm,alarmlevel,hlimit,llimit,alarmref) values(10313,'[IT0006]itagc_phlimit','【IT0006】逆变器agc出力上限',1,6,6,2,1,'','',500,'','','','',1,300,0.5,1,1200,2,1,10000,-10000,0);
insert into point(id,name,description,sourcetype,parenttype,parentid,pointtype,needarchive,artime,sntime,sndvalue,snivalue,arcdvalue,arcivalue,arcquality,snquality,timeout,cmpdev,cmpmintime,cmpmaxtime,ifalarm,alarmlevel,hlimit,llimit,alarmref) values(10314,'[IT0006]itagc_pllimit','【IT0006】逆变器agc出力下限',1,6,6,2,1,'','',-100,'','','','',1,300,0.5,1,1200,2,1,10000,-10000,0);
#insert into point(id,name,description,sourcetype,parenttype,parentid,pointtype,needarchive,artime,sntime,sndvalue,snivalue,arcdvalue,arcivalue,arcquality,snquality,timeout,cmpdev,cmpmintime,cmpmaxtime,ifalarm,alarmlevel,hlimit,llimit,alarmref) values(10315,'[IT0006]itagc_ephlimit','【IT0006】逆变器agc经济出力上限',0,6,6,2,1,'','',0,'','','','',1,300,0.5,1,1200,2,1,10000,-10000,0);
#insert into point(id,name,description,sourcetype,parenttype,parentid,pointtype,needarchive,artime,sntime,sndvalue,snivalue,arcdvalue,arcivalue,arcquality,snquality,timeout,cmpdev,cmpmintime,cmpmaxtime,ifalarm,alarmlevel,hlimit,llimit,alarmref) values(10316,'[IT0006]itagc_epllimit','【IT0006】逆变器agc经济出力下限',0,6,6,2,1,'','',0,'','','','',1,300,0.5,1,1200,2,1,10000,-10000,0);
insert into point(id,name,description,sourcetype,parenttype,parentid,pointtype,needarchive,artime,sntime,sndvalue,snivalue,arcdvalue,arcivalue,arcquality,snquality,timeout,cmpdev,cmpmintime,cmpmaxtime,ifalarm,alarmlevel,hlimit,llimit,alarmref) values(10317,'[IT0006]itagc_pdeadarea','【IT0006】逆变器agc出力控制死区',1,6,6,2,1,'','',0.1,'','','','',1,300,0.5,1,1200,2,1,10000,-10000,0);
insert into point(id,name,description,sourcetype,parenttype,parentid,pointtype,needarchive,artime,sntime,sndvalue,snivalue,arcdvalue,arcivalue,arcquality,snquality,timeout,cmpdev,cmpmintime,cmpmaxtime,ifalarm,alarmlevel,hlimit,llimit,alarmref) values(10318,'[IT0006]itagc_fprocmax','【IT0006】逆变器agc出力最大功率变化率',1,6,6,2,1,'','',0.01,'','','','',1,300,0.5,1,1200,2,1,10000,-10000,0);
#insert into point(id,name,description,sourcetype,parenttype,parentid,pointtype,needarchive,artime,sntime,sndvalue,snivalue,arcdvalue,arcivalue,arcquality,snquality,timeout,cmpdev,cmpmintime,cmpmaxtime,ifalarm,alarmlevel,hlimit,llimit,alarmref) values(10319,'[IT0006]itagc_fpcrocmax','【IT0006】逆变器agc集电线路出力持续最大功率变化率',0,6,6,2,1,'','',0.5,'','','','',1,300,0.5,1,1200,2,1,10000,-10000,0);
#insert into point(id,name,description,sourcetype,parenttype,parentid,pointtype,needarchive,artime,sntime,sndvalue,snivalue,arcdvalue,arcivalue,arcquality,snquality,timeout,cmpdev,cmpmintime,cmpmaxtime,ifalarm,alarmlevel,hlimit,llimit,alarmref) values(10320,'[IT0006]itagc_agcuupv','【IT0006】逆变器agc升出力响应速度',0,6,6,2,1,'','',0,'','','','',1,300,0.5,1,1200,2,1,10000,-10000,0);
#insert into point(id,name,description,sourcetype,parenttype,parentid,pointtype,needarchive,artime,sntime,sndvalue,snivalue,arcdvalue,arcivalue,arcquality,snquality,timeout,cmpdev,cmpmintime,cmpmaxtime,ifalarm,alarmlevel,hlimit,llimit,alarmref) values(10321,'[IT0006]itagc_agcudpv','【IT0006】逆变器agc降出力响应速度',0,6,6,2,1,'','',0,'','','','',1,300,0.5,1,1200,2,1,10000,-10000,0);
insert into point(id,name,description,sourcetype,parenttype,parentid,pointtype,needarchive,artime,sntime,sndvalue,snivalue,arcdvalue,arcivalue,arcquality,snquality,timeout,cmpdev,cmpmintime,cmpmaxtime,ifalarm,alarmlevel,hlimit,llimit,alarmref) values(10322,'[IT0007]itagc_targetp','【IT0007】逆变器agc目标出力',2,6,7,4,1,'','',0,'','','','',1,300,0.5,1,1200,2,1,10000,-10000,0);
insert into point(id,name,description,sourcetype,parenttype,parentid,pointtype,needarchive,artime,sntime,sndvalue,snivalue,arcdvalue,arcivalue,arcquality,snquality,timeout,cmpdev,cmpmintime,cmpmaxtime,ifalarm,alarmlevel,hlimit,llimit,alarmref) values(10324,'[IT0007]itagc_conintertime','【IT0007】逆变器agc控制间隔时间',1,6,7,5,1,'','','',20,'','','',1,300,0.5,1,1200,2,1,10000,-10000,0);
insert into point(id,name,description,sourcetype,parenttype,parentid,pointtype,needarchive,artime,sntime,sndvalue,snivalue,arcdvalue,arcivalue,arcquality,snquality,timeout,cmpdev,cmpmintime,cmpmaxtime,ifalarm,alarmlevel,hlimit,llimit,alarmref) values(10325,'[IT0007]itagc_phlimit','【IT0007】逆变器agc出力上限',1,6,7,2,1,'','',500,'','','','',1,300,0.5,1,1200,2,1,10000,-10000,0);
insert into point(id,name,description,sourcetype,parenttype,parentid,pointtype,needarchive,artime,sntime,sndvalue,snivalue,arcdvalue,arcivalue,arcquality,snquality,timeout,cmpdev,cmpmintime,cmpmaxtime,ifalarm,alarmlevel,hlimit,llimit,alarmref) values(10326,'[IT0007]itagc_pllimit','【IT0007】逆变器agc出力下限',1,6,7,2,1,'','',-100,'','','','',1,300,0.5,1,1200,2,1,10000,-10000,0);
#insert into point(id,name,description,sourcetype,parenttype,parentid,pointtype,needarchive,artime,sntime,sndvalue,snivalue,arcdvalue,arcivalue,arcquality,snquality,timeout,cmpdev,cmpmintime,cmpmaxtime,ifalarm,alarmlevel,hlimit,llimit,alarmref) values(10327,'[IT0007]itagc_ephlimit','【IT0007】逆变器agc经济出力上限',0,6,7,2,1,'','',0,'','','','',1,300,0.5,1,1200,2,1,10000,-10000,0);
#insert into point(id,name,description,sourcetype,parenttype,parentid,pointtype,needarchive,artime,sntime,sndvalue,snivalue,arcdvalue,arcivalue,arcquality,snquality,timeout,cmpdev,cmpmintime,cmpmaxtime,ifalarm,alarmlevel,hlimit,llimit,alarmref) values(10328,'[IT0007]itagc_epllimit','【IT0007】逆变器agc经济出力下限',0,6,7,2,1,'','',0,'','','','',1,300,0.5,1,1200,2,1,10000,-10000,0);
insert into point(id,name,description,sourcetype,parenttype,parentid,pointtype,needarchive,artime,sntime,sndvalue,snivalue,arcdvalue,arcivalue,arcquality,snquality,timeout,cmpdev,cmpmintime,cmpmaxtime,ifalarm,alarmlevel,hlimit,llimit,alarmref) values(10329,'[IT0007]itagc_pdeadarea','【IT0007】逆变器agc出力控制死区',1,6,7,2,1,'','',0.1,'','','','',1,300,0.5,1,1200,2,1,10000,-10000,0);
insert into point(id,name,description,sourcetype,parenttype,parentid,pointtype,needarchive,artime,sntime,sndvalue,snivalue,arcdvalue,arcivalue,arcquality,snquality,timeout,cmpdev,cmpmintime,cmpmaxtime,ifalarm,alarmlevel,hlimit,llimit,alarmref) values(10330,'[IT0007]itagc_fprocmax','【IT0007】逆变器agc出力最大功率变化率',1,6,7,2,1,'','',0.01,'','','','',1,300,0.5,1,1200,2,1,10000,-10000,0);
#insert into point(id,name,description,sourcetype,parenttype,parentid,pointtype,needarchive,artime,sntime,sndvalue,snivalue,arcdvalue,arcivalue,arcquality,snquality,timeout,cmpdev,cmpmintime,cmpmaxtime,ifalarm,alarmlevel,hlimit,llimit,alarmref) values(10331,'[IT0007]itagc_fpcrocmax','【IT0007】逆变器agc集电线路出力持续最大功率变化率',0,6,7,2,1,'','',0.5,'','','','',1,300,0.5,1,1200,2,1,10000,-10000,0);
#insert into point(id,name,description,sourcetype,parenttype,parentid,pointtype,needarchive,artime,sntime,sndvalue,snivalue,arcdvalue,arcivalue,arcquality,snquality,timeout,cmpdev,cmpmintime,cmpmaxtime,ifalarm,alarmlevel,hlimit,llimit,alarmref) values(10332,'[IT0007]itagc_agcuupv','【IT0007】逆变器agc升出力响应速度',0,6,8,2,1,'','',0,'','','','',1,300,0.5,1,1200,2,1,10000,-10000,0);
#insert into point(id,name,description,sourcetype,parenttype,parentid,pointtype,needarchive,artime,sntime,sndvalue,snivalue,arcdvalue,arcivalue,arcquality,snquality,timeout,cmpdev,cmpmintime,cmpmaxtime,ifalarm,alarmlevel,hlimit,llimit,alarmref) values(10333,'[IT0007]itagc_agcudpv','【IT0007】逆变器agc降出力响应速度',0,6,8,2,1,'','',0,'','','','',1,300,0.5,1,1200,2,1,10000,-10000,0);
insert into point(id,name,description,sourcetype,parenttype,parentid,pointtype,needarchive,artime,sntime,sndvalue,snivalue,arcdvalue,arcivalue,arcquality,snquality,timeout,cmpdev,cmpmintime,cmpmaxtime,ifalarm,alarmlevel,hlimit,llimit,alarmref) values(10334,'[IT0008]itagc_targetp','【IT0008】逆变器agc目标出力',2,6,8,4,1,'','',0,'','','','',1,300,0.5,1,1200,2,1,10000,-10000,0);
insert into point(id,name,description,sourcetype,parenttype,parentid,pointtype,needarchive,artime,sntime,sndvalue,snivalue,arcdvalue,arcivalue,arcquality,snquality,timeout,cmpdev,cmpmintime,cmpmaxtime,ifalarm,alarmlevel,hlimit,llimit,alarmref) values(10336,'[IT0008]itagc_conintertime','【IT0008】逆变器agc控制间隔时间',1,6,8,5,1,'','','',20,'','','',1,300,0.5,1,1200,2,1,10000,-10000,0);
insert into point(id,name,description,sourcetype,parenttype,parentid,pointtype,needarchive,artime,sntime,sndvalue,snivalue,arcdvalue,arcivalue,arcquality,snquality,timeout,cmpdev,cmpmintime,cmpmaxtime,ifalarm,alarmlevel,hlimit,llimit,alarmref) values(10337,'[IT0008]itagc_phlimit','【IT0008】逆变器agc出力上限',1,6,8,2,1,'','',500,'','','','',1,300,0.5,1,1200,2,1,10000,-10000,0);
insert into point(id,name,description,sourcetype,parenttype,parentid,pointtype,needarchive,artime,sntime,sndvalue,snivalue,arcdvalue,arcivalue,arcquality,snquality,timeout,cmpdev,cmpmintime,cmpmaxtime,ifalarm,alarmlevel,hlimit,llimit,alarmref) values(10338,'[IT0008]itagc_pllimit','【IT0008】逆变器agc出力下限',1,6,8,2,1,'','',-100,'','','','',1,300,0.5,1,1200,2,1,10000,-10000,0);
#insert into point(id,name,description,sourcetype,parenttype,parentid,pointtype,needarchive,artime,sntime,sndvalue,snivalue,arcdvalue,arcivalue,arcquality,snquality,timeout,cmpdev,cmpmintime,cmpmaxtime,ifalarm,alarmlevel,hlimit,llimit,alarmref) values(10339,'[IT0008]itagc_ephlimit','【IT0008】逆变器agc经济出力上限',0,6,8,2,1,'','',0,'','','','',1,300,0.5,1,1200,2,1,10000,-10000,0);
#insert into point(id,name,description,sourcetype,parenttype,parentid,pointtype,needarchive,artime,sntime,sndvalue,snivalue,arcdvalue,arcivalue,arcquality,snquality,timeout,cmpdev,cmpmintime,cmpmaxtime,ifalarm,alarmlevel,hlimit,llimit,alarmref) values(10340,'[IT0008]itagc_epllimit','【IT0008】逆变器agc经济出力下限',0,6,8,2,1,'','',0,'','','','',1,300,0.5,1,1200,2,1,10000,-10000,0);
insert into point(id,name,description,sourcetype,parenttype,parentid,pointtype,needarchive,artime,sntime,sndvalue,snivalue,arcdvalue,arcivalue,arcquality,snquality,timeout,cmpdev,cmpmintime,cmpmaxtime,ifalarm,alarmlevel,hlimit,llimit,alarmref) values(10341,'[IT0008]itagc_pdeadarea','【IT0008】逆变器agc出力控制死区',1,6,8,2,1,'','',0.1,'','','','',1,300,0.5,1,1200,2,1,10000,-10000,0);
insert into point(id,name,description,sourcetype,parenttype,parentid,pointtype,needarchive,artime,sntime,sndvalue,snivalue,arcdvalue,arcivalue,arcquality,snquality,timeout,cmpdev,cmpmintime,cmpmaxtime,ifalarm,alarmlevel,hlimit,llimit,alarmref) values(10342,'[IT0008]itagc_fprocmax','【IT0008】逆变器agc出力最大功率变化率',1,6,8,2,1,'','',0.01,'','','','',1,300,0.5,1,1200,2,1,10000,-10000,0);
#insert into point(id,name,description,sourcetype,parenttype,parentid,pointtype,needarchive,artime,sntime,sndvalue,snivalue,arcdvalue,arcivalue,arcquality,snquality,timeout,cmpdev,cmpmintime,cmpmaxtime,ifalarm,alarmlevel,hlimit,llimit,alarmref) values(10343,'[IT0008]itagc_fpcrocmax','【IT0008】逆变器agc集电线路出力持续最大功率变化率',0,6,8,2,1,'','',0.5,'','','','',1,300,0.5,1,1200,2,1,10000,-10000,0);
#insert into point(id,name,description,sourcetype,parenttype,parentid,pointtype,needarchive,artime,sntime,sndvalue,snivalue,arcdvalue,arcivalue,arcquality,snquality,timeout,cmpdev,cmpmintime,cmpmaxtime,ifalarm,alarmlevel,hlimit,llimit,alarmref) values(10344,'[IT0008]itagc_agcuupv','【IT0008】逆变器agc升出力响应速度',0,6,8,2,1,'','',0,'','','','',1,300,0.5,1,1200,2,1,10000,-10000,0);
#insert into point(id,name,description,sourcetype,parenttype,parentid,pointtype,needarchive,artime,sntime,sndvalue,snivalue,arcdvalue,arcivalue,arcquality,snquality,timeout,cmpdev,cmpmintime,cmpmaxtime,ifalarm,alarmlevel,hlimit,llimit,alarmref) values(10345,'[IT0008]itagc_agcudpv','【IT0008】逆变器agc降出力响应速度',0,6,8,2,1,'','',0,'','','','',1,300,0.5,1,1200,2,1,10000,-10000,0);
insert into point(id,name,description,sourcetype,parenttype,parentid,pointtype,needarchive,artime,sntime,sndvalue,snivalue,arcdvalue,arcivalue,arcquality,snquality,timeout,cmpdev,cmpmintime,cmpmaxtime,ifalarm,alarmlevel,hlimit,llimit,alarmref) values(10346,'[IT0009]itagc_targetp','【IT0009】逆变器agc目标出力',2,6,9,4,1,'','',0,'','','','',1,300,0.5,1,1200,2,1,10000,-10000,0);
insert into point(id,name,description,sourcetype,parenttype,parentid,pointtype,needarchive,artime,sntime,sndvalue,snivalue,arcdvalue,arcivalue,arcquality,snquality,timeout,cmpdev,cmpmintime,cmpmaxtime,ifalarm,alarmlevel,hlimit,llimit,alarmref) values(10348,'[IT0009]itagc_conintertime','【IT0009】逆变器agc控制间隔时间',1,6,9,5,1,'','','',20,'','','',1,300,0.5,1,1200,2,1,10000,-10000,0);
insert into point(id,name,description,sourcetype,parenttype,parentid,pointtype,needarchive,artime,sntime,sndvalue,snivalue,arcdvalue,arcivalue,arcquality,snquality,timeout,cmpdev,cmpmintime,cmpmaxtime,ifalarm,alarmlevel,hlimit,llimit,alarmref) values(10349,'[IT0009]itagc_phlimit','【IT0009】逆变器agc出力上限',1,6,9,2,1,'','',500,'','','','',1,300,0.5,1,1200,2,1,10000,-10000,0);
insert into point(id,name,description,sourcetype,parenttype,parentid,pointtype,needarchive,artime,sntime,sndvalue,snivalue,arcdvalue,arcivalue,arcquality,snquality,timeout,cmpdev,cmpmintime,cmpmaxtime,ifalarm,alarmlevel,hlimit,llimit,alarmref) values(10350,'[IT0009]itagc_pllimit','【IT0009】逆变器agc出力下限',1,6,9,2,1,'','',-100,'','','','',1,300,0.5,1,1200,2,1,10000,-10000,0);
#insert into point(id,name,description,sourcetype,parenttype,parentid,pointtype,needarchive,artime,sntime,sndvalue,snivalue,arcdvalue,arcivalue,arcquality,snquality,timeout,cmpdev,cmpmintime,cmpmaxtime,ifalarm,alarmlevel,hlimit,llimit,alarmref) values(10351,'[IT0009]itagc_ephlimit','【IT0009】逆变器agc经济出力上限',0,6,9,2,1,'','',0,'','','','',1,300,0.5,1,1200,2,1,10000,-10000,0);
#insert into point(id,name,description,sourcetype,parenttype,parentid,pointtype,needarchive,artime,sntime,sndvalue,snivalue,arcdvalue,arcivalue,arcquality,snquality,timeout,cmpdev,cmpmintime,cmpmaxtime,ifalarm,alarmlevel,hlimit,llimit,alarmref) values(10352,'[IT0009]itagc_epllimit','【IT0009】逆变器agc经济出力下限',0,6,9,2,1,'','',0,'','','','',1,300,0.5,1,1200,2,1,10000,-10000,0);
insert into point(id,name,description,sourcetype,parenttype,parentid,pointtype,needarchive,artime,sntime,sndvalue,snivalue,arcdvalue,arcivalue,arcquality,snquality,timeout,cmpdev,cmpmintime,cmpmaxtime,ifalarm,alarmlevel,hlimit,llimit,alarmref) values(10353,'[IT0009]itagc_pdeadarea','【IT0009】逆变器agc出力控制死区',1,6,9,2,1,'','',0.1,'','','','',1,300,0.5,1,1200,2,1,10000,-10000,0);
insert into point(id,name,description,sourcetype,parenttype,parentid,pointtype,needarchive,artime,sntime,sndvalue,snivalue,arcdvalue,arcivalue,arcquality,snquality,timeout,cmpdev,cmpmintime,cmpmaxtime,ifalarm,alarmlevel,hlimit,llimit,alarmref) values(10354,'[IT0009]itagc_fprocmax','【IT0009】逆变器agc出力最大功率变化率',1,6,9,2,1,'','',0.01,'','','','',1,300,0.5,1,1200,2,1,10000,-10000,0);
#insert into point(id,name,description,sourcetype,parenttype,parentid,pointtype,needarchive,artime,sntime,sndvalue,snivalue,arcdvalue,arcivalue,arcquality,snquality,timeout,cmpdev,cmpmintime,cmpmaxtime,ifalarm,alarmlevel,hlimit,llimit,alarmref) values(10355,'[IT0009]itagc_fpcrocmax','【IT0009】逆变器agc集电线路出力持续最大功率变化率',0,6,9,2,1,'','',0.5,'','','','',1,300,0.5,1,1200,2,1,10000,-10000,0);
#insert into point(id,name,description,sourcetype,parenttype,parentid,pointtype,needarchive,artime,sntime,sndvalue,snivalue,arcdvalue,arcivalue,arcquality,snquality,timeout,cmpdev,cmpmintime,cmpmaxtime,ifalarm,alarmlevel,hlimit,llimit,alarmref) values(10356,'[IT0009]itagc_agcuupv','【IT0009】逆变器agc升出力响应速度',0,6,9,2,1,'','',0,'','','','',1,300,0.5,1,1200,2,1,10000,-10000,0);
#insert into point(id,name,description,sourcetype,parenttype,parentid,pointtype,needarchive,artime,sntime,sndvalue,snivalue,arcdvalue,arcivalue,arcquality,snquality,timeout,cmpdev,cmpmintime,cmpmaxtime,ifalarm,alarmlevel,hlimit,llimit,alarmref) values(10357,'[IT0009]itagc_agcudpv','【IT0009】逆变器agc降出力响应速度',0,6,9,2,1,'','',0,'','','','',1,300,0.5,1,1200,2,1,10000,-10000,0);
insert into point(id,name,description,sourcetype,parenttype,parentid,pointtype,needarchive,artime,sntime,sndvalue,snivalue,arcdvalue,arcivalue,arcquality,snquality,timeout,cmpdev,cmpmintime,cmpmaxtime,ifalarm,alarmlevel,hlimit,llimit,alarmref) values(10358,'[IT00010]itagc_targetp','【IT00010】逆变器agc目标出力',2,6,10,4,1,'','',0,'','','','',1,300,0.5,1,1200,2,1,10000,-10000,0);
insert into point(id,name,description,sourcetype,parenttype,parentid,pointtype,needarchive,artime,sntime,sndvalue,snivalue,arcdvalue,arcivalue,arcquality,snquality,timeout,cmpdev,cmpmintime,cmpmaxtime,ifalarm,alarmlevel,hlimit,llimit,alarmref) values(10360,'[IT00010]itagc_conintertime','【IT00010】逆变器agc控制间隔时间',1,6,10,5,1,'','','',20,'','','',1,300,0.5,1,1200,2,1,10000,-10000,0);
insert into point(id,name,description,sourcetype,parenttype,parentid,pointtype,needarchive,artime,sntime,sndvalue,snivalue,arcdvalue,arcivalue,arcquality,snquality,timeout,cmpdev,cmpmintime,cmpmaxtime,ifalarm,alarmlevel,hlimit,llimit,alarmref) values(10361,'[IT00010]itagc_phlimit','【IT00010】逆变器agc出力上限',1,6,10,2,1,'','',500,'','','','',1,300,0.5,1,1200,2,1,10000,-10000,0);
insert into point(id,name,description,sourcetype,parenttype,parentid,pointtype,needarchive,artime,sntime,sndvalue,snivalue,arcdvalue,arcivalue,arcquality,snquality,timeout,cmpdev,cmpmintime,cmpmaxtime,ifalarm,alarmlevel,hlimit,llimit,alarmref) values(10362,'[IT00010]itagc_pllimit','【IT00010】逆变器agc出力下限',1,6,10,2,1,'','',-100,'','','','',1,300,0.5,1,1200,2,1,10000,-10000,0);
#insert into point(id,name,description,sourcetype,parenttype,parentid,pointtype,needarchive,artime,sntime,sndvalue,snivalue,arcdvalue,arcivalue,arcquality,snquality,timeout,cmpdev,cmpmintime,cmpmaxtime,ifalarm,alarmlevel,hlimit,llimit,alarmref) values(10363,'[IT00010]itagc_ephlimit','【IT00010】逆变器agc经济出力上限',0,6,10,2,1,'','',0,'','','','',1,300,0.5,1,1200,2,1,10000,-10000,0);
#insert into point(id,name,description,sourcetype,parenttype,parentid,pointtype,needarchive,artime,sntime,sndvalue,snivalue,arcdvalue,arcivalue,arcquality,snquality,timeout,cmpdev,cmpmintime,cmpmaxtime,ifalarm,alarmlevel,hlimit,llimit,alarmref) values(10364,'[IT00010]itagc_epllimit','【IT00010】逆变器agc经济出力下限',0,6,10,2,1,'','',0,'','','','',1,300,0.5,1,1200,2,1,10000,-10000,0);
insert into point(id,name,description,sourcetype,parenttype,parentid,pointtype,needarchive,artime,sntime,sndvalue,snivalue,arcdvalue,arcivalue,arcquality,snquality,timeout,cmpdev,cmpmintime,cmpmaxtime,ifalarm,alarmlevel,hlimit,llimit,alarmref) values(10365,'[IT00010]itagc_pdeadarea','【IT00010】逆变器agc出力控制死区',1,6,10,2,1,'','',0.1,'','','','',1,300,0.5,1,1200,2,1,10000,-10000,0);
insert into point(id,name,description,sourcetype,parenttype,parentid,pointtype,needarchive,artime,sntime,sndvalue,snivalue,arcdvalue,arcivalue,arcquality,snquality,timeout,cmpdev,cmpmintime,cmpmaxtime,ifalarm,alarmlevel,hlimit,llimit,alarmref) values(10366,'[IT00010]itagc_fprocmax','【IT00010】逆变器agc出力最大功率变化率',1,6,10,2,1,'','',0.01,'','','','',1,300,0.5,1,1200,2,1,10000,-10000,0);
#insert into point(id,name,description,sourcetype,parenttype,parentid,pointtype,needarchive,artime,sntime,sndvalue,snivalue,arcdvalue,arcivalue,arcquality,snquality,timeout,cmpdev,cmpmintime,cmpmaxtime,ifalarm,alarmlevel,hlimit,llimit,alarmref) values(10367,'[IT00010]itagc_fpcrocmax','【IT00010】逆变器agc集电线路出力持续最大功率变化率',0,6,10,2,1,'','',0.5,'','','','',1,300,0.5,1,1200,2,1,10000,-10000,0);
#insert into point(id,name,description,sourcetype,parenttype,parentid,pointtype,needarchive,artime,sntime,sndvalue,snivalue,arcdvalue,arcivalue,arcquality,snquality,timeout,cmpdev,cmpmintime,cmpmaxtime,ifalarm,alarmlevel,hlimit,llimit,alarmref) values(10368,'[IT00010]itagc_agcuupv','【IT00010】逆变器agc升出力响应速度',0,6,10,2,1,'','',0,'','','','',1,300,0.5,1,1200,2,1,10000,-10000,0);
#insert into point(id,name,description,sourcetype,parenttype,parentid,pointtype,needarchive,artime,sntime,sndvalue,snivalue,arcdvalue,arcivalue,arcquality,snquality,timeout,cmpdev,cmpmintime,cmpmaxtime,ifalarm,alarmlevel,hlimit,llimit,alarmref) values(10369,'[IT00010]itagc_agcudpv','【IT00010】逆变器agc降出力响应速度',0,6,10,2,1,'','',0,'','','','',1,300,0.5,1,1200,2,1,10000,-10000,0);
insert into point(id,name,description,sourcetype,parenttype,parentid,pointtype,needarchive,artime,sntime,sndvalue,snivalue,arcdvalue,arcivalue,arcquality,snquality,timeout,cmpdev,cmpmintime,cmpmaxtime,ifalarm,alarmlevel,hlimit,llimit,alarmref) values(10370,'[IT0001]itavc_targetfact','【IT0001】逆变器avc目标功率因数',2,5,1,4,1,'','',0,'','','','',1,300,0.5,1,1200,2,1,10000,-10000,0);
insert into point(id,name,description,sourcetype,parenttype,parentid,pointtype,needarchive,artime,sntime,sndvalue,snivalue,arcdvalue,arcivalue,arcquality,snquality,timeout,cmpdev,cmpmintime,cmpmaxtime,ifalarm,alarmlevel,hlimit,llimit,alarmref) values(10371,'[IT0001]itavc_regulatetype','【IT0001】逆变器avc调控方式',1,5,1,5,1,'','','',1,'','','',1,300,0.5,1,1200,2,1,10000,-10000,0);
insert into point(id,name,description,sourcetype,parenttype,parentid,pointtype,needarchive,artime,sntime,sndvalue,snivalue,arcdvalue,arcivalue,arcquality,snquality,timeout,cmpdev,cmpmintime,cmpmaxtime,ifalarm,alarmlevel,hlimit,llimit,alarmref) values(10372,'[IT0002]itavc_targetfact','【IT0002】逆变器avc目标功率因数',2,5,2,4,1,'','',0,'','','','',1,300,0.5,1,1200,2,1,10000,-10000,0);
insert into point(id,name,description,sourcetype,parenttype,parentid,pointtype,needarchive,artime,sntime,sndvalue,snivalue,arcdvalue,arcivalue,arcquality,snquality,timeout,cmpdev,cmpmintime,cmpmaxtime,ifalarm,alarmlevel,hlimit,llimit,alarmref) values(10373,'[IT0002]itavc_regulatetype','【IT0002】逆变器avc调控方式',1,5,2,5,1,'','','',1,'','','',1,300,0.5,1,1200,2,1,10000,-10000,0);
insert into point(id,name,description,sourcetype,parenttype,parentid,pointtype,needarchive,artime,sntime,sndvalue,snivalue,arcdvalue,arcivalue,arcquality,snquality,timeout,cmpdev,cmpmintime,cmpmaxtime,ifalarm,alarmlevel,hlimit,llimit,alarmref) values(10374,'[IT0003]itavc_targetfact','【IT0003】逆变器avc目标功率因数',2,5,3,4,1,'','',0,'','','','',1,300,0.5,1,1200,2,1,10000,-10000,0);
insert into point(id,name,description,sourcetype,parenttype,parentid,pointtype,needarchive,artime,sntime,sndvalue,snivalue,arcdvalue,arcivalue,arcquality,snquality,timeout,cmpdev,cmpmintime,cmpmaxtime,ifalarm,alarmlevel,hlimit,llimit,alarmref) values(10375,'[IT0003]itavc_regulatetype','【IT0003】逆变器avc调控方式',1,5,3,5,1,'','','',1,'','','',1,300,0.5,1,1200,2,1,10000,-10000,0);
insert into point(id,name,description,sourcetype,parenttype,parentid,pointtype,needarchive,artime,sntime,sndvalue,snivalue,arcdvalue,arcivalue,arcquality,snquality,timeout,cmpdev,cmpmintime,cmpmaxtime,ifalarm,alarmlevel,hlimit,llimit,alarmref) values(10376,'[IT0004]itavc_targetfact','【IT0004】逆变器avc目标功率因数',2,5,4,4,1,'','',0,'','','','',1,300,0.5,1,1200,2,1,10000,-10000,0);
insert into point(id,name,description,sourcetype,parenttype,parentid,pointtype,needarchive,artime,sntime,sndvalue,snivalue,arcdvalue,arcivalue,arcquality,snquality,timeout,cmpdev,cmpmintime,cmpmaxtime,ifalarm,alarmlevel,hlimit,llimit,alarmref) values(10377,'[IT0004]itavc_regulatetype','【IT0004】逆变器avc调控方式',1,5,4,5,1,'','','',1,'','','',1,300,0.5,1,1200,2,1,10000,-10000,0);
insert into point(id,name,description,sourcetype,parenttype,parentid,pointtype,needarchive,artime,sntime,sndvalue,snivalue,arcdvalue,arcivalue,arcquality,snquality,timeout,cmpdev,cmpmintime,cmpmaxtime,ifalarm,alarmlevel,hlimit,llimit,alarmref) values(10378,'[IT0005]itavc_targetfact','【IT0005】逆变器avc目标功率因数',2,5,5,4,1,'','',0,'','','','',1,300,0.5,1,1200,2,1,10000,-10000,0);
insert into point(id,name,description,sourcetype,parenttype,parentid,pointtype,needarchive,artime,sntime,sndvalue,snivalue,arcdvalue,arcivalue,arcquality,snquality,timeout,cmpdev,cmpmintime,cmpmaxtime,ifalarm,alarmlevel,hlimit,llimit,alarmref) values(10379,'[IT0005]itavc_regulatetype','【IT0005】逆变器avc调控方式',1,5,5,5,1,'','','',1,'','','',1,300,0.5,1,1200,2,1,10000,-10000,0);
insert into point(id,name,description,sourcetype,parenttype,parentid,pointtype,needarchive,artime,sntime,sndvalue,snivalue,arcdvalue,arcivalue,arcquality,snquality,timeout,cmpdev,cmpmintime,cmpmaxtime,ifalarm,alarmlevel,hlimit,llimit,alarmref) values(10380,'[IT0006]itavc_targetfact','【IT0006】逆变器avc目标功率因数',2,5,6,4,1,'','',0,'','','','',1,300,0.5,1,1200,2,1,10000,-10000,0);
insert into point(id,name,description,sourcetype,parenttype,parentid,pointtype,needarchive,artime,sntime,sndvalue,snivalue,arcdvalue,arcivalue,arcquality,snquality,timeout,cmpdev,cmpmintime,cmpmaxtime,ifalarm,alarmlevel,hlimit,llimit,alarmref) values(10381,'[IT0006]itavc_regulatetype','【IT0006】逆变器avc调控方式',1,5,6,5,1,'','','',1,'','','',1,300,0.5,1,1200,2,1,10000,-10000,0);
insert into point(id,name,description,sourcetype,parenttype,parentid,pointtype,needarchive,artime,sntime,sndvalue,snivalue,arcdvalue,arcivalue,arcquality,snquality,timeout,cmpdev,cmpmintime,cmpmaxtime,ifalarm,alarmlevel,hlimit,llimit,alarmref) values(10382,'[IT0007]itavc_targetfact','【IT0007】逆变器avc目标功率因数',2,5,7,4,1,'','',0,'','','','',1,300,0.5,1,1200,2,1,10000,-10000,0);
insert into point(id,name,description,sourcetype,parenttype,parentid,pointtype,needarchive,artime,sntime,sndvalue,snivalue,arcdvalue,arcivalue,arcquality,snquality,timeout,cmpdev,cmpmintime,cmpmaxtime,ifalarm,alarmlevel,hlimit,llimit,alarmref) values(10383,'[IT0007]itavc_regulatetype','【IT0007】逆变器avc调控方式',1,5,7,5,1,'','','',1,'','','',1,300,0.5,1,1200,2,1,10000,-10000,0);
insert into point(id,name,description,sourcetype,parenttype,parentid,pointtype,needarchive,artime,sntime,sndvalue,snivalue,arcdvalue,arcivalue,arcquality,snquality,timeout,cmpdev,cmpmintime,cmpmaxtime,ifalarm,alarmlevel,hlimit,llimit,alarmref) values(10384,'[IT0008]itavc_targetfact','【IT0008】逆变器avc目标功率因数',2,5,8,4,1,'','',0,'','','','',1,300,0.5,1,1200,2,1,10000,-10000,0);
insert into point(id,name,description,sourcetype,parenttype,parentid,pointtype,needarchive,artime,sntime,sndvalue,snivalue,arcdvalue,arcivalue,arcquality,snquality,timeout,cmpdev,cmpmintime,cmpmaxtime,ifalarm,alarmlevel,hlimit,llimit,alarmref) values(10385,'[IT0008]itavc_regulatetype','【IT0008】逆变器avc调控方式',1,5,8,5,1,'','','',1,'','','',1,300,0.5,1,1200,2,1,10000,-10000,0);
insert into point(id,name,description,sourcetype,parenttype,parentid,pointtype,needarchive,artime,sntime,sndvalue,snivalue,arcdvalue,arcivalue,arcquality,snquality,timeout,cmpdev,cmpmintime,cmpmaxtime,ifalarm,alarmlevel,hlimit,llimit,alarmref) values(10386,'[IT0009]itavc_targetfact','【IT0009】逆变器avc目标功率因数',2,5,9,4,1,'','',0,'','','','',1,300,0.5,1,1200,2,1,10000,-10000,0);
insert into point(id,name,description,sourcetype,parenttype,parentid,pointtype,needarchive,artime,sntime,sndvalue,snivalue,arcdvalue,arcivalue,arcquality,snquality,timeout,cmpdev,cmpmintime,cmpmaxtime,ifalarm,alarmlevel,hlimit,llimit,alarmref) values(10387,'[IT0000]itavc_regulatetype','【IT0009】逆变器avc调控方式',1,5,9,5,1,'','','',1,'','','',1,300,0.5,1,1200,2,1,10000,-10000,0);
insert into point(id,name,description,sourcetype,parenttype,parentid,pointtype,needarchive,artime,sntime,sndvalue,snivalue,arcdvalue,arcivalue,arcquality,snquality,timeout,cmpdev,cmpmintime,cmpmaxtime,ifalarm,alarmlevel,hlimit,llimit,alarmref) values(10388,'[IT00010]itavc_targetfact','【IT00010】逆变器avc目标功率因数',2,5,10,4,1,'','',0,'','','','',1,300,0.5,1,1200,2,1,10000,-10000,0);
insert into point(id,name,description,sourcetype,parenttype,parentid,pointtype,needarchive,artime,sntime,sndvalue,snivalue,arcdvalue,arcivalue,arcquality,snquality,timeout,cmpdev,cmpmintime,cmpmaxtime,ifalarm,alarmlevel,hlimit,llimit,alarmref) values(10389,'[IT00010]itavc_regulatetype','【IT00010】逆变器avc调控方式',1,5,10,5,1,'','','',1,'','','',1,300,0.5,1,1200,2,1,10000,-10000,0);
insert into point(id,name,description,sourcetype,parenttype,parentid,pointtype,needarchive,artime,sntime,sndvalue,snivalue,arcdvalue,arcivalue,arcquality,snquality,timeout,cmpdev,cmpmintime,cmpmaxtime,ifalarm,alarmlevel,hlimit,llimit,alarmref) values(10390,'[bstation1]bstationtie_posrunstatus','【bstation1】分接头的运行状态',2,11,1,5,1,'','','',1,'','','',1,300,0.5,1,1200,2,1,10000,-10000,0);
insert into point(id,name,description,sourcetype,parenttype,parentid,pointtype,needarchive,artime,sntime,sndvalue,snivalue,arcdvalue,arcivalue,arcquality,snquality,timeout,cmpdev,cmpmintime,cmpmaxtime,ifalarm,alarmlevel,hlimit,llimit,alarmref) values(10391,'[bstation1]bstationtie_bstieihlimit','【bstation1】分接头档位上限',1,11,1,2,1,'','',600,'','','','',1,300,0.5,1,1200,2,1,10000,-10000,0);
insert into point(id,name,description,sourcetype,parenttype,parentid,pointtype,needarchive,artime,sntime,sndvalue,snivalue,arcdvalue,arcivalue,arcquality,snquality,timeout,cmpdev,cmpmintime,cmpmaxtime,ifalarm,alarmlevel,hlimit,llimit,alarmref) values(10392,'[bstation1]bstationtie_bstieillimit','【bstation1】分接头档位下限',1,11,1,2,1,'','',-600,'','','','',1,300,0.5,1,1200,2,1,10000,-10000,0);
insert into point(id,name,description,sourcetype,parenttype,parentid,pointtype,needarchive,artime,sntime,sndvalue,snivalue,arcdvalue,arcivalue,arcquality,snquality,timeout,cmpdev,cmpmintime,cmpmaxtime,ifalarm,alarmlevel,hlimit,llimit,alarmref) values(10393,'[bstation1]bstationtie_unableadd','【bstation1】分接头增闭锁',3,11,1,1,1,'','','',0,'','','',1,300,0.5,1,1200,2,1,10000,-10000,0);
insert into point(id,name,description,sourcetype,parenttype,parentid,pointtype,needarchive,artime,sntime,sndvalue,snivalue,arcdvalue,arcivalue,arcquality,snquality,timeout,cmpdev,cmpmintime,cmpmaxtime,ifalarm,alarmlevel,hlimit,llimit,alarmref) values(10394,'[bstation1]bstationtie_unablesub','【bstation1】分接头减闭锁',3,11,1,1,1,'','','',0,'','','',1,300,0.5,1,1200,2,1,10000,-10000,0);
insert into point(id,name,description,sourcetype,parenttype,parentid,pointtype,needarchive,artime,sntime,sndvalue,snivalue,arcdvalue,arcivalue,arcquality,snquality,timeout,cmpdev,cmpmintime,cmpmaxtime,ifalarm,alarmlevel,hlimit,llimit,alarmref) values(10395,'[bstation1]bstationtie_tiedevation','【bstation1】分接头档位偏差范围',1,11,1,5,1,'','','',3,'','','',1,300,0.5,1,1200,2,1,10000,-10000,0);
insert into point(id,name,description,sourcetype,parenttype,parentid,pointtype,needarchive,artime,sntime,sndvalue,snivalue,arcdvalue,arcivalue,arcquality,snquality,timeout,cmpdev,cmpmintime,cmpmaxtime,ifalarm,alarmlevel,hlimit,llimit,alarmref) values(10396,'[IT0001]itagc_itmodstatus','【IT0001】逆变器agc模式状态',1,6,1,5,1,'','','',1,'','','',1,300,0.5,1,1200,2,1,10000,-10000,0);
insert into point(id,name,description,sourcetype,parenttype,parentid,pointtype,needarchive,artime,sntime,sndvalue,snivalue,arcdvalue,arcivalue,arcquality,snquality,timeout,cmpdev,cmpmintime,cmpmaxtime,ifalarm,alarmlevel,hlimit,llimit,alarmref) values(10397,'[IT0002]itagc_itmodstatus','【IT0002】逆变器agc模式状态',1,6,2,5,1,'','','',1,'','','',1,300,0.5,1,1200,2,1,10000,-10000,0);
insert into point(id,name,description,sourcetype,parenttype,parentid,pointtype,needarchive,artime,sntime,sndvalue,snivalue,arcdvalue,arcivalue,arcquality,snquality,timeout,cmpdev,cmpmintime,cmpmaxtime,ifalarm,alarmlevel,hlimit,llimit,alarmref) values(10398,'[IT0003]itagc_itmodstatus','【IT0003】逆变器agc模式状态',1,6,3,5,1,'','','',1,'','','',1,300,0.5,1,1200,2,1,10000,-10000,0);
insert into point(id,name,description,sourcetype,parenttype,parentid,pointtype,needarchive,artime,sntime,sndvalue,snivalue,arcdvalue,arcivalue,arcquality,snquality,timeout,cmpdev,cmpmintime,cmpmaxtime,ifalarm,alarmlevel,hlimit,llimit,alarmref) values(10399,'[IT0004]itagc_itmodstatus','【IT0004】逆变器agc模式状态',1,6,4,5,1,'','','',1,'','','',1,300,0.5,1,1200,2,1,10000,-10000,0);
insert into point(id,name,description,sourcetype,parenttype,parentid,pointtype,needarchive,artime,sntime,sndvalue,snivalue,arcdvalue,arcivalue,arcquality,snquality,timeout,cmpdev,cmpmintime,cmpmaxtime,ifalarm,alarmlevel,hlimit,llimit,alarmref) values(10400,'[IT0005]itagc_itmodstatus','【IT0005】逆变器agc模式状态',1,6,5,5,1,'','','',1,'','','',1,300,0.5,1,1200,2,1,10000,-10000,0);
insert into point(id,name,description,sourcetype,parenttype,parentid,pointtype,needarchive,artime,sntime,sndvalue,snivalue,arcdvalue,arcivalue,arcquality,snquality,timeout,cmpdev,cmpmintime,cmpmaxtime,ifalarm,alarmlevel,hlimit,llimit,alarmref) values(10401,'[IT0006]itagc_itmodstatus','【IT0006】逆变器agc模式状态',1,6,6,5,1,'','','',1,'','','',1,300,0.5,1,1200,2,1,10000,-10000,0);
insert into point(id,name,description,sourcetype,parenttype,parentid,pointtype,needarchive,artime,sntime,sndvalue,snivalue,arcdvalue,arcivalue,arcquality,snquality,timeout,cmpdev,cmpmintime,cmpmaxtime,ifalarm,alarmlevel,hlimit,llimit,alarmref) values(10402,'[IT0007]itagc_itmodstatus','【IT0007】逆变器agc模式状态',1,6,7,5,1,'','','',1,'','','',1,300,0.5,1,1200,2,1,10000,-10000,0);
insert into point(id,name,description,sourcetype,parenttype,parentid,pointtype,needarchive,artime,sntime,sndvalue,snivalue,arcdvalue,arcivalue,arcquality,snquality,timeout,cmpdev,cmpmintime,cmpmaxtime,ifalarm,alarmlevel,hlimit,llimit,alarmref) values(10403,'[IT0008]itagc_itmodstatus','【IT0008】逆变器agc模式状态',1,6,8,5,1,'','','',1,'','','',1,300,0.5,1,1200,2,1,10000,-10000,0);
insert into point(id,name,description,sourcetype,parenttype,parentid,pointtype,needarchive,artime,sntime,sndvalue,snivalue,arcdvalue,arcivalue,arcquality,snquality,timeout,cmpdev,cmpmintime,cmpmaxtime,ifalarm,alarmlevel,hlimit,llimit,alarmref) values(10404,'[IT0009]itagc_itmodstatus','【IT0009】逆变器agc模式状态',1,6,9,5,1,'','','',1,'','','',1,300,0.5,1,1200,2,1,10000,-10000,0);
insert into point(id,name,description,sourcetype,parenttype,parentid,pointtype,needarchive,artime,sntime,sndvalue,snivalue,arcdvalue,arcivalue,arcquality,snquality,timeout,cmpdev,cmpmintime,cmpmaxtime,ifalarm,alarmlevel,hlimit,llimit,alarmref) values(10405,'[IT00010]itagc_itmodstatus','【IT00010】逆变器agc模式状态',1,6,10,5,1,'','','',1,'','','',1,300,0.5,1,1200,2,1,10000,-10000,0);

insert into point(id,name,description,sourcetype,parenttype,parentid,pointtype,needarchive,artime,sntime,sndvalue,snivalue,arcdvalue,arcivalue,arcquality,snquality,timeout,cmpdev,cmpmintime,cmpmaxtime,ifalarm,alarmlevel,hlimit,llimit,alarmref) values(10500,'[IT0001]itagc_start','【IT0001】逆变器开关',2,6,1,3,1,'','','',1,'','','',1,300,0.5,1,1200,2,1,10000,-10000,0);
insert into point(id,name,description,sourcetype,parenttype,parentid,pointtype,needarchive,artime,sntime,sndvalue,snivalue,arcdvalue,arcivalue,arcquality,snquality,timeout,cmpdev,cmpmintime,cmpmaxtime,ifalarm,alarmlevel,hlimit,llimit,alarmref) values(10502,'[IT0002]itagc_start','【IT0002】逆变器开关',2,6,2,3,1,'','','',1,'','','',1,300,0.5,1,1200,2,1,10000,-10000,0);
insert into point(id,name,description,sourcetype,parenttype,parentid,pointtype,needarchive,artime,sntime,sndvalue,snivalue,arcdvalue,arcivalue,arcquality,snquality,timeout,cmpdev,cmpmintime,cmpmaxtime,ifalarm,alarmlevel,hlimit,llimit,alarmref) values(10504,'[IT0003]itagc_start','【IT0003】逆变器开关',2,6,3,3,1,'','','',1,'','','',1,300,0.5,1,1200,2,1,10000,-10000,0);
insert into point(id,name,description,sourcetype,parenttype,parentid,pointtype,needarchive,artime,sntime,sndvalue,snivalue,arcdvalue,arcivalue,arcquality,snquality,timeout,cmpdev,cmpmintime,cmpmaxtime,ifalarm,alarmlevel,hlimit,llimit,alarmref) values(10506,'[IT0004]itagc_start','【IT0004】逆变器开关',2,6,4,3,1,'','','',1,'','','',1,300,0.5,1,1200,2,1,10000,-10000,0);
insert into point(id,name,description,sourcetype,parenttype,parentid,pointtype,needarchive,artime,sntime,sndvalue,snivalue,arcdvalue,arcivalue,arcquality,snquality,timeout,cmpdev,cmpmintime,cmpmaxtime,ifalarm,alarmlevel,hlimit,llimit,alarmref) values(10508,'[IT0005]itagc_start','【IT0005】逆变器开关',2,6,5,3,1,'','','',1,'','','',1,300,0.5,1,1200,2,1,10000,-10000,0);
insert into point(id,name,description,sourcetype,parenttype,parentid,pointtype,needarchive,artime,sntime,sndvalue,snivalue,arcdvalue,arcivalue,arcquality,snquality,timeout,cmpdev,cmpmintime,cmpmaxtime,ifalarm,alarmlevel,hlimit,llimit,alarmref) values(10510,'[IT0006]itagc_start','【IT0006】逆变器开关',2,6,6,3,1,'','','',1,'','','',1,300,0.5,1,1200,2,1,10000,-10000,0);
insert into point(id,name,description,sourcetype,parenttype,parentid,pointtype,needarchive,artime,sntime,sndvalue,snivalue,arcdvalue,arcivalue,arcquality,snquality,timeout,cmpdev,cmpmintime,cmpmaxtime,ifalarm,alarmlevel,hlimit,llimit,alarmref) values(10512,'[IT0007]itagc_start','【IT0007】逆变器开关',2,6,7,3,1,'','','',1,'','','',1,300,0.5,1,1200,2,1,10000,-10000,0);
insert into point(id,name,description,sourcetype,parenttype,parentid,pointtype,needarchive,artime,sntime,sndvalue,snivalue,arcdvalue,arcivalue,arcquality,snquality,timeout,cmpdev,cmpmintime,cmpmaxtime,ifalarm,alarmlevel,hlimit,llimit,alarmref) values(10514,'[IT0008]itagc_start','【IT0008】逆变器开关',2,6,8,3,1,'','','',1,'','','',1,300,0.5,1,1200,2,1,10000,-10000,0);
insert into point(id,name,description,sourcetype,parenttype,parentid,pointtype,needarchive,artime,sntime,sndvalue,snivalue,arcdvalue,arcivalue,arcquality,snquality,timeout,cmpdev,cmpmintime,cmpmaxtime,ifalarm,alarmlevel,hlimit,llimit,alarmref) values(10516,'[IT0009]itagc_start','【IT0009】逆变器开关',2,6,9,3,1,'','','',1,'','','',1,300,0.5,1,1200,2,1,10000,-10000,0);
insert into point(id,name,description,sourcetype,parenttype,parentid,pointtype,needarchive,artime,sntime,sndvalue,snivalue,arcdvalue,arcivalue,arcquality,snquality,timeout,cmpdev,cmpmintime,cmpmaxtime,ifalarm,alarmlevel,hlimit,llimit,alarmref) values(10518,'[IT00010]itagc_start','【IT00010】逆变器开关',2,6,10,3,1,'','','',1,'','','',1,300,0.5,1,1200,2,1,10000,-10000,0);

insert into point(id,name,description,sourcetype,parenttype,parentid,pointtype,needarchive,artime,sntime,sndvalue,snivalue,arcdvalue,arcivalue,arcquality,snquality,timeout,cmpdev,cmpmintime,cmpmaxtime,ifalarm,alarmlevel,hlimit,llimit,alarmref) values(70300,'[IT0001]itavc_vhlimit','【IT0001】逆变器avc电压上限',1,5,1,2,1,'','',1000,'','','','',1,300,0.5,1,1200,2,1,10000,-10000,0);
insert into point(id,name,description,sourcetype,parenttype,parentid,pointtype,needarchive,artime,sntime,sndvalue,snivalue,arcdvalue,arcivalue,arcquality,snquality,timeout,cmpdev,cmpmintime,cmpmaxtime,ifalarm,alarmlevel,hlimit,llimit,alarmref) values(70301,'[IT0001]itavc_vllimit','【IT0001】逆变器avc电压下限',1,5,1,2,1,'','',-200,'','','','',1,300,0.5,1,1200,2,1,10000,-10000,0);
insert into point(id,name,description,sourcetype,parenttype,parentid,pointtype,needarchive,artime,sntime,sndvalue,snivalue,arcdvalue,arcivalue,arcquality,snquality,timeout,cmpdev,cmpmintime,cmpmaxtime,ifalarm,alarmlevel,hlimit,llimit,alarmref) values(70302,'[IT0002]itavc_vhlimit','【IT0002】逆变器avc电压上限',1,5,1,2,1,'','',1000,'','','','',1,300,0.5,1,1200,2,1,10000,-10000,0);
insert into point(id,name,description,sourcetype,parenttype,parentid,pointtype,needarchive,artime,sntime,sndvalue,snivalue,arcdvalue,arcivalue,arcquality,snquality,timeout,cmpdev,cmpmintime,cmpmaxtime,ifalarm,alarmlevel,hlimit,llimit,alarmref) values(70303,'[IT0002]itavc_vllimit','【IT0002】逆变器avc电压下限',1,5,1,2,1,'','',-200,'','','','',1,300,0.5,1,1200,2,1,10000,-10000,0);
insert into point(id,name,description,sourcetype,parenttype,parentid,pointtype,needarchive,artime,sntime,sndvalue,snivalue,arcdvalue,arcivalue,arcquality,snquality,timeout,cmpdev,cmpmintime,cmpmaxtime,ifalarm,alarmlevel,hlimit,llimit,alarmref) values(70304,'[IT0003]itavc_vhlimit','【IT0003】逆变器avc电压上限',1,5,1,2,1,'','',1000,'','','','',1,300,0.5,1,1200,2,1,10000,-10000,0);
insert into point(id,name,description,sourcetype,parenttype,parentid,pointtype,needarchive,artime,sntime,sndvalue,snivalue,arcdvalue,arcivalue,arcquality,snquality,timeout,cmpdev,cmpmintime,cmpmaxtime,ifalarm,alarmlevel,hlimit,llimit,alarmref) values(70305,'[IT0003]itavc_vllimit','【IT0003】逆变器avc电压下限',1,5,1,2,1,'','',-200,'','','','',1,300,0.5,1,1200,2,1,10000,-10000,0);
insert into point(id,name,description,sourcetype,parenttype,parentid,pointtype,needarchive,artime,sntime,sndvalue,snivalue,arcdvalue,arcivalue,arcquality,snquality,timeout,cmpdev,cmpmintime,cmpmaxtime,ifalarm,alarmlevel,hlimit,llimit,alarmref) values(70306,'[IT0004]itavc_vhlimit','【IT0004】逆变器avc电压上限',1,5,1,2,1,'','',1000,'','','','',1,300,0.5,1,1200,2,1,10000,-10000,0);
insert into point(id,name,description,sourcetype,parenttype,parentid,pointtype,needarchive,artime,sntime,sndvalue,snivalue,arcdvalue,arcivalue,arcquality,snquality,timeout,cmpdev,cmpmintime,cmpmaxtime,ifalarm,alarmlevel,hlimit,llimit,alarmref) values(70307,'[IT0004]itavc_vllimit','【IT0004】逆变器avc电压下限',1,5,1,2,1,'','',-200,'','','','',1,300,0.5,1,1200,2,1,10000,-10000,0);
insert into point(id,name,description,sourcetype,parenttype,parentid,pointtype,needarchive,artime,sntime,sndvalue,snivalue,arcdvalue,arcivalue,arcquality,snquality,timeout,cmpdev,cmpmintime,cmpmaxtime,ifalarm,alarmlevel,hlimit,llimit,alarmref) values(70308,'[IT0005]itavc_vhlimit','【IT0005】逆变器avc电压上限',1,5,1,2,1,'','',1000,'','','','',1,300,0.5,1,1200,2,1,10000,-10000,0);
insert into point(id,name,description,sourcetype,parenttype,parentid,pointtype,needarchive,artime,sntime,sndvalue,snivalue,arcdvalue,arcivalue,arcquality,snquality,timeout,cmpdev,cmpmintime,cmpmaxtime,ifalarm,alarmlevel,hlimit,llimit,alarmref) values(70309,'[IT0005]itavc_vllimit','【IT0005】逆变器avc电压下限',1,5,1,2,1,'','',-200,'','','','',1,300,0.5,1,1200,2,1,10000,-10000,0);
insert into point(id,name,description,sourcetype,parenttype,parentid,pointtype,needarchive,artime,sntime,sndvalue,snivalue,arcdvalue,arcivalue,arcquality,snquality,timeout,cmpdev,cmpmintime,cmpmaxtime,ifalarm,alarmlevel,hlimit,llimit,alarmref) values(70310,'[IT0006]itavc_vhlimit','【IT0006】逆变器avc电压上限',1,5,1,2,1,'','',1000,'','','','',1,300,0.5,1,1200,2,1,10000,-10000,0);
insert into point(id,name,description,sourcetype,parenttype,parentid,pointtype,needarchive,artime,sntime,sndvalue,snivalue,arcdvalue,arcivalue,arcquality,snquality,timeout,cmpdev,cmpmintime,cmpmaxtime,ifalarm,alarmlevel,hlimit,llimit,alarmref) values(70311,'[IT0006]itavc_vllimit','【IT0006】逆变器avc电压下限',1,5,1,2,1,'','',-200,'','','','',1,300,0.5,1,1200,2,1,10000,-10000,0);
insert into point(id,name,description,sourcetype,parenttype,parentid,pointtype,needarchive,artime,sntime,sndvalue,snivalue,arcdvalue,arcivalue,arcquality,snquality,timeout,cmpdev,cmpmintime,cmpmaxtime,ifalarm,alarmlevel,hlimit,llimit,alarmref) values(70312,'[IT0007]itavc_vhlimit','【IT0007】逆变器avc电压上限',1,5,1,2,1,'','',1000,'','','','',1,300,0.5,1,1200,2,1,10000,-10000,0);
insert into point(id,name,description,sourcetype,parenttype,parentid,pointtype,needarchive,artime,sntime,sndvalue,snivalue,arcdvalue,arcivalue,arcquality,snquality,timeout,cmpdev,cmpmintime,cmpmaxtime,ifalarm,alarmlevel,hlimit,llimit,alarmref) values(70313,'[IT0007]itavc_vllimit','【IT0007】逆变器avc电压下限',1,5,1,2,1,'','',-200,'','','','',1,300,0.5,1,1200,2,1,10000,-10000,0);
insert into point(id,name,description,sourcetype,parenttype,parentid,pointtype,needarchive,artime,sntime,sndvalue,snivalue,arcdvalue,arcivalue,arcquality,snquality,timeout,cmpdev,cmpmintime,cmpmaxtime,ifalarm,alarmlevel,hlimit,llimit,alarmref) values(70314,'[IT0008]itavc_vhlimit','【IT0008】逆变器avc电压上限',1,5,1,2,1,'','',1000,'','','','',1,300,0.5,1,1200,2,1,10000,-10000,0);
insert into point(id,name,description,sourcetype,parenttype,parentid,pointtype,needarchive,artime,sntime,sndvalue,snivalue,arcdvalue,arcivalue,arcquality,snquality,timeout,cmpdev,cmpmintime,cmpmaxtime,ifalarm,alarmlevel,hlimit,llimit,alarmref) values(70315,'[IT0008]itavc_vllimit','【IT0008】逆变器avc电压下限',1,5,1,2,1,'','',-200,'','','','',1,300,0.5,1,1200,2,1,10000,-10000,0);
insert into point(id,name,description,sourcetype,parenttype,parentid,pointtype,needarchive,artime,sntime,sndvalue,snivalue,arcdvalue,arcivalue,arcquality,snquality,timeout,cmpdev,cmpmintime,cmpmaxtime,ifalarm,alarmlevel,hlimit,llimit,alarmref) values(70316,'[IT0009]itavc_vhlimit','【IT0009】逆变器avc电压上限',1,5,1,2,1,'','',1000,'','','','',1,300,0.5,1,1200,2,1,10000,-10000,0);
insert into point(id,name,description,sourcetype,parenttype,parentid,pointtype,needarchive,artime,sntime,sndvalue,snivalue,arcdvalue,arcivalue,arcquality,snquality,timeout,cmpdev,cmpmintime,cmpmaxtime,ifalarm,alarmlevel,hlimit,llimit,alarmref) values(70317,'[IT0009]itavc_vllimit','【IT0009】逆变器avc电压下限',1,5,1,2,1,'','',-200,'','','','',1,300,0.5,1,1200,2,1,10000,-10000,0);
insert into point(id,name,description,sourcetype,parenttype,parentid,pointtype,needarchive,artime,sntime,sndvalue,snivalue,arcdvalue,arcivalue,arcquality,snquality,timeout,cmpdev,cmpmintime,cmpmaxtime,ifalarm,alarmlevel,hlimit,llimit,alarmref) values(70318,'[IT0010]itavc_vhlimit','【IT0010】逆变器avc电压上限',1,5,1,2,1,'','',1000,'','','','',1,300,0.5,1,1200,2,1,10000,-10000,0);
insert into point(id,name,description,sourcetype,parenttype,parentid,pointtype,needarchive,artime,sntime,sndvalue,snivalue,arcdvalue,arcivalue,arcquality,snquality,timeout,cmpdev,cmpmintime,cmpmaxtime,ifalarm,alarmlevel,hlimit,llimit,alarmref) values(70319,'[IT0010]itavc_vllimit','【IT0010】逆变器avc电压下限',1,5,1,2,1,'','',-200,'','','','',1,300,0.5,1,1200,2,1,10000,-10000,0);


insert into point(id,name,description,sourcetype,parenttype,parentid,pointtype,needarchive,artime,sntime,sndvalue,snivalue,arcdvalue,arcivalue,arcquality,snquality,timeout,cmpdev,cmpmintime,cmpmaxtime,ifalarm,alarmlevel,hlimit,llimit,alarmref) values(10501,'[IT0001]itagc_ashutdown','【IT0001】逆变器是否允许打开或关闭',1,6,1,5,1,'','','',1,'','','',1,300,0.5,1,1200,2,1,10000,-10000,0);
insert into point(id,name,description,sourcetype,parenttype,parentid,pointtype,needarchive,artime,sntime,sndvalue,snivalue,arcdvalue,arcivalue,arcquality,snquality,timeout,cmpdev,cmpmintime,cmpmaxtime,ifalarm,alarmlevel,hlimit,llimit,alarmref) values(10503,'[IT0002]itagc_ashutdown','【IT0002】逆变器是否允许打开或关闭',1,6,2,5,1,'','','',1,'','','',1,300,0.5,1,1200,2,1,10000,-10000,0);
insert into point(id,name,description,sourcetype,parenttype,parentid,pointtype,needarchive,artime,sntime,sndvalue,snivalue,arcdvalue,arcivalue,arcquality,snquality,timeout,cmpdev,cmpmintime,cmpmaxtime,ifalarm,alarmlevel,hlimit,llimit,alarmref) values(10505,'[IT0003]itagc_ashutdown','【IT0003】逆变器是否允许打开或关闭',1,6,3,5,1,'','','',1,'','','',1,300,0.5,1,1200,2,1,10000,-10000,0);
insert into point(id,name,description,sourcetype,parenttype,parentid,pointtype,needarchive,artime,sntime,sndvalue,snivalue,arcdvalue,arcivalue,arcquality,snquality,timeout,cmpdev,cmpmintime,cmpmaxtime,ifalarm,alarmlevel,hlimit,llimit,alarmref) values(10507,'[IT0004]itagc_ashutdown','【IT0004】逆变器是否允许打开或关闭',1,6,4,5,1,'','','',1,'','','',1,300,0.5,1,1200,2,1,10000,-10000,0);
insert into point(id,name,description,sourcetype,parenttype,parentid,pointtype,needarchive,artime,sntime,sndvalue,snivalue,arcdvalue,arcivalue,arcquality,snquality,timeout,cmpdev,cmpmintime,cmpmaxtime,ifalarm,alarmlevel,hlimit,llimit,alarmref) values(10509,'[IT0005]itagc_ashutdown','【IT0005】逆变器是否允许打开或关闭',1,6,5,5,1,'','','',1,'','','',1,300,0.5,1,1200,2,1,10000,-10000,0);
insert into point(id,name,description,sourcetype,parenttype,parentid,pointtype,needarchive,artime,sntime,sndvalue,snivalue,arcdvalue,arcivalue,arcquality,snquality,timeout,cmpdev,cmpmintime,cmpmaxtime,ifalarm,alarmlevel,hlimit,llimit,alarmref) values(10511,'[IT0006]itagc_ashutdown','【IT0006】逆变器是否允许打开或关闭',1,6,6,5,1,'','','',1,'','','',1,300,0.5,1,1200,2,1,10000,-10000,0);
insert into point(id,name,description,sourcetype,parenttype,parentid,pointtype,needarchive,artime,sntime,sndvalue,snivalue,arcdvalue,arcivalue,arcquality,snquality,timeout,cmpdev,cmpmintime,cmpmaxtime,ifalarm,alarmlevel,hlimit,llimit,alarmref) values(10513,'[IT0007]itagc_ashutdown','【IT0007】逆变器是否允许打开或关闭',1,6,7,5,1,'','','',1,'','','',1,300,0.5,1,1200,2,1,10000,-10000,0);
insert into point(id,name,description,sourcetype,parenttype,parentid,pointtype,needarchive,artime,sntime,sndvalue,snivalue,arcdvalue,arcivalue,arcquality,snquality,timeout,cmpdev,cmpmintime,cmpmaxtime,ifalarm,alarmlevel,hlimit,llimit,alarmref) values(10515,'[IT0008]itagc_ashutdown','【IT0008】逆变器是否允许打开或关闭',1,6,8,5,1,'','','',1,'','','',1,300,0.5,1,1200,2,1,10000,-10000,0);
insert into point(id,name,description,sourcetype,parenttype,parentid,pointtype,needarchive,artime,sntime,sndvalue,snivalue,arcdvalue,arcivalue,arcquality,snquality,timeout,cmpdev,cmpmintime,cmpmaxtime,ifalarm,alarmlevel,hlimit,llimit,alarmref) values(10517,'[IT0009]itagc_ashutdown','【IT0009】逆变器是否允许打开或关闭',1,6,9,5,1,'','','',1,'','','',1,300,0.5,1,1200,2,1,10000,-10000,0);
insert into point(id,name,description,sourcetype,parenttype,parentid,pointtype,needarchive,artime,sntime,sndvalue,snivalue,arcdvalue,arcivalue,arcquality,snquality,timeout,cmpdev,cmpmintime,cmpmaxtime,ifalarm,alarmlevel,hlimit,llimit,alarmref) values(10519,'[IT00010]itagc_ashutdown','【IT00010】逆变器是否允许打开或关闭',1,6,10,5,1,'','','',1,'','','',1,300,0.5,1,1200,2,1,10000,-10000,0);


insert into point(id,name,description,sourcetype,parenttype,parentid,pointtype,needarchive,artime,sntime,sndvalue,snivalue,arcdvalue,arcivalue,arcquality,snquality,timeout,cmpdev,cmpmintime,cmpmaxtime,ifalarm,alarmlevel,hlimit,llimit,alarmref) values(10454,'[国能日新]farminfo_fault','【国能日新】事故总信号',2,1,1,1,1,'','','',0,'','','',1,300,0.5,1,1200,2,1,10000,-10000,0);
insert into point(id,name,description,sourcetype,parenttype,parentid,pointtype,needarchive,artime,sntime,sndvalue,snivalue,arcdvalue,arcivalue,arcquality,snquality,timeout,cmpdev,cmpmintime,cmpmaxtime,ifalarm,alarmlevel,hlimit,llimit,alarmref) values(10455,'agcsysinfo_unablecom','AGC通信闭锁',3,9,1,1,1,'','','',0,'','','',1,300,0.5,1,1200,2,1,10000,-10000,0);
insert into point(id,name,description,sourcetype,parenttype,parentid,pointtype,needarchive,artime,sntime,sndvalue,snivalue,arcdvalue,arcivalue,arcquality,snquality,timeout,cmpdev,cmpmintime,cmpmaxtime,ifalarm,alarmlevel,hlimit,llimit,alarmref) values(10456,'agcsysinfo_unableagc','AGC系统故障闭锁',3,9,1,1,1,'','','',0,'','','',1,300,0.5,1,1200,2,1,10000,-10000,0);
insert into point(id,name,description,sourcetype,parenttype,parentid,pointtype,needarchive,artime,sntime,sndvalue,snivalue,arcdvalue,arcivalue,arcquality,snquality,timeout,cmpdev,cmpmintime,cmpmaxtime,ifalarm,alarmlevel,hlimit,llimit,alarmref) values(10457,'agcsysinfo_unablesys','AGC系统事故总信号',2,9,1,1,1,'','','',0,'','','',1,300,0.5,1,1200,2,1,10000,-10000,0);
insert into point(id,name,description,sourcetype,parenttype,parentid,pointtype,needarchive,artime,sntime,sndvalue,snivalue,arcdvalue,arcivalue,arcquality,snquality,timeout,cmpdev,cmpmintime,cmpmaxtime,ifalarm,alarmlevel,hlimit,llimit,alarmref) values(10458,'avcsysinfo_unablecom','AVC通信闭锁',3,10,1,1,1,'','','',0,'','','',1,300,0.5,1,1200,2,1,10000,-10000,0);
insert into point(id,name,description,sourcetype,parenttype,parentid,pointtype,needarchive,artime,sntime,sndvalue,snivalue,arcdvalue,arcivalue,arcquality,snquality,timeout,cmpdev,cmpmintime,cmpmaxtime,ifalarm,alarmlevel,hlimit,llimit,alarmref) values(10459,'avcsysinfo_unableavc','AVC系统故障闭锁',3,10,1,1,1,'','','',0,'','','',1,300,0.5,1,1200,2,1,10000,-10000,0);
insert into point(id,name,description,sourcetype,parenttype,parentid,pointtype,needarchive,artime,sntime,sndvalue,snivalue,arcdvalue,arcivalue,arcquality,snquality,timeout,cmpdev,cmpmintime,cmpmaxtime,ifalarm,alarmlevel,hlimit,llimit,alarmref) values(10460,'avcsysinfo_unablesys','AVC系统事故总信号闭锁',3,10,1,1,1,'','','',0,'','','',1,300,0.5,1,1200,2,1,10000,-10000,0);


insert into point(id,name,description,sourcetype,parenttype,parentid,pointtype,needarchive,artime,sntime,sndvalue,snivalue,arcdvalue,arcivalue,arcquality,snquality,timeout,cmpdev,cmpmintime,cmpmaxtime,ifalarm,alarmlevel,hlimit,llimit,alarmref) values(10406,'[IT0001]itavc_itmodstatus','【IT0001】逆变器avc模式状态',1,5,1,5,1,'','','',1,'','','',1,300,0.5,1,1200,2,1,10000,-10000,0);
insert into point(id,name,description,sourcetype,parenttype,parentid,pointtype,needarchive,artime,sntime,sndvalue,snivalue,arcdvalue,arcivalue,arcquality,snquality,timeout,cmpdev,cmpmintime,cmpmaxtime,ifalarm,alarmlevel,hlimit,llimit,alarmref) values(10407,'[IT0002]itavc_itmodstatus','【IT0002】逆变器avc模式状态',1,5,2,5,1,'','','',1,'','','',1,300,0.5,1,1200,2,1,10000,-10000,0);
insert into point(id,name,description,sourcetype,parenttype,parentid,pointtype,needarchive,artime,sntime,sndvalue,snivalue,arcdvalue,arcivalue,arcquality,snquality,timeout,cmpdev,cmpmintime,cmpmaxtime,ifalarm,alarmlevel,hlimit,llimit,alarmref) values(10408,'[IT0003]itavc_itmodstatus','【IT0003】逆变器avc模式状态',1,5,3,5,1,'','','',1,'','','',1,300,0.5,1,1200,2,1,10000,-10000,0);
insert into point(id,name,description,sourcetype,parenttype,parentid,pointtype,needarchive,artime,sntime,sndvalue,snivalue,arcdvalue,arcivalue,arcquality,snquality,timeout,cmpdev,cmpmintime,cmpmaxtime,ifalarm,alarmlevel,hlimit,llimit,alarmref) values(10409,'[IT0004]itavc_itmodstatus','【IT0004】逆变器avc模式状态',1,5,4,5,1,'','','',1,'','','',1,300,0.5,1,1200,2,1,10000,-10000,0);
insert into point(id,name,description,sourcetype,parenttype,parentid,pointtype,needarchive,artime,sntime,sndvalue,snivalue,arcdvalue,arcivalue,arcquality,snquality,timeout,cmpdev,cmpmintime,cmpmaxtime,ifalarm,alarmlevel,hlimit,llimit,alarmref) values(10410,'[IT0005]itavc_itmodstatus','【IT0005】逆变器avc模式状态',1,5,5,5,1,'','','',1,'','','',1,300,0.5,1,1200,2,1,10000,-10000,0);
insert into point(id,name,description,sourcetype,parenttype,parentid,pointtype,needarchive,artime,sntime,sndvalue,snivalue,arcdvalue,arcivalue,arcquality,snquality,timeout,cmpdev,cmpmintime,cmpmaxtime,ifalarm,alarmlevel,hlimit,llimit,alarmref) values(10411,'[IT0006]itavc_itmodstatus','【IT0006】逆变器avc模式状态',1,5,6,5,1,'','','',1,'','','',1,300,0.5,1,1200,2,1,10000,-10000,0);
insert into point(id,name,description,sourcetype,parenttype,parentid,pointtype,needarchive,artime,sntime,sndvalue,snivalue,arcdvalue,arcivalue,arcquality,snquality,timeout,cmpdev,cmpmintime,cmpmaxtime,ifalarm,alarmlevel,hlimit,llimit,alarmref) values(10412,'[IT0007]itavc_itmodstatus','【IT0007】逆变器avc模式状态',1,5,7,5,1,'','','',1,'','','',1,300,0.5,1,1200,2,1,10000,-10000,0);
insert into point(id,name,description,sourcetype,parenttype,parentid,pointtype,needarchive,artime,sntime,sndvalue,snivalue,arcdvalue,arcivalue,arcquality,snquality,timeout,cmpdev,cmpmintime,cmpmaxtime,ifalarm,alarmlevel,hlimit,llimit,alarmref) values(10413,'[IT0008]itavc_itmodstatus','【IT0008】逆变器avc模式状态',1,5,8,5,1,'','','',1,'','','',1,300,0.5,1,1200,2,1,10000,-10000,0);
insert into point(id,name,description,sourcetype,parenttype,parentid,pointtype,needarchive,artime,sntime,sndvalue,snivalue,arcdvalue,arcivalue,arcquality,snquality,timeout,cmpdev,cmpmintime,cmpmaxtime,ifalarm,alarmlevel,hlimit,llimit,alarmref) values(10414,'[IT0009]itavc_itmodstatus','【IT0009】逆变器avc模式状态',1,5,9,5,1,'','','',1,'','','',1,300,0.5,1,1200,2,1,10000,-10000,0);
insert into point(id,name,description,sourcetype,parenttype,parentid,pointtype,needarchive,artime,sntime,sndvalue,snivalue,arcdvalue,arcivalue,arcquality,snquality,timeout,cmpdev,cmpmintime,cmpmaxtime,ifalarm,alarmlevel,hlimit,llimit,alarmref) values(10415,'[IT00010]itavc_itmodstatus','【IT00010】逆变器avc模式状态',1,5,10,5,1,'','','',1,'','','',1,300,0.5,1,1200,2,1,10000,-10000,0);


insert into point(id,name,description,sourcetype,parenttype,parentid,pointtype,needarchive,artime,sntime,sndvalue,snivalue,arcdvalue,arcivalue,arcquality,snquality,timeout,cmpdev,cmpmintime,cmpmaxtime,ifalarm,alarmlevel,hlimit,llimit,alarmref) values(10418,'[bstation1]bstationtie_bstmodstatus','【bstation1】分解头模式状态',1,11,1,5,1,'','','',1,'','','',1,300,0.5,1,1200,2,1,10000,-10000,0);
#insert into point(id,name,description,sourcetype,parenttype,parentid,pointtype,needarchive,artime,sntime,sndvalue,snivalue,arcdvalue,arcivalue,arcquality,snquality,timeout,cmpdev,cmpmintime,cmpmaxtime,ifalarm,alarmlevel,hlimit,llimit,alarmref) values(10521,'bstationtie_start','',0,11,1,3,1,'','','',1,'','','',1,300,0.5,1,1200);
insert into point(id,name,description,sourcetype,parenttype,parentid,pointtype,needarchive,artime,sntime,sndvalue,snivalue,arcdvalue,arcivalue,arcquality,snquality,timeout,cmpdev,cmpmintime,cmpmaxtime,ifalarm,alarmlevel,hlimit,llimit,alarmref) values(10522,'[bstation1]bstationtie_ashutdown','【bstation1】分解头是否允许可调',1,11,1,5,1,'','','',2,'','','',1,300,0.5,1,1200,2,1,10000,-10000,0);
insert into point(id,name,description,sourcetype,parenttype,parentid,pointtype,needarchive,artime,sntime,sndvalue,snivalue,arcdvalue,arcivalue,arcquality,snquality,timeout,cmpdev,cmpmintime,cmpmaxtime,ifalarm,alarmlevel,hlimit,llimit,alarmref) values(10419,'[bstation1]bstationpos_pos1','【bstation1】分接头1档位',1,12,1,2,1,'','',100,'','','','',1,300,0.5,1,1200,2,1,10000,-10000,0);
insert into point(id,name,description,sourcetype,parenttype,parentid,pointtype,needarchive,artime,sntime,sndvalue,snivalue,arcdvalue,arcivalue,arcquality,snquality,timeout,cmpdev,cmpmintime,cmpmaxtime,ifalarm,alarmlevel,hlimit,llimit,alarmref) values(10420,'[bstation1]bstationpos_pos2','【bstation1】分接头2档位',1,12,1,2,1,'','',105,'','','','',1,300,0.5,1,1200,2,1,10000,-10000,0);
insert into point(id,name,description,sourcetype,parenttype,parentid,pointtype,needarchive,artime,sntime,sndvalue,snivalue,arcdvalue,arcivalue,arcquality,snquality,timeout,cmpdev,cmpmintime,cmpmaxtime,ifalarm,alarmlevel,hlimit,llimit,alarmref) values(10421,'[bstation1]bstationpos_pos3','【bstation1】分接头3档位',1,12,1,2,1,'','',110,'','','','',1,300,0.5,1,1200,2,1,10000,-10000,0);
insert into point(id,name,description,sourcetype,parenttype,parentid,pointtype,needarchive,artime,sntime,sndvalue,snivalue,arcdvalue,arcivalue,arcquality,snquality,timeout,cmpdev,cmpmintime,cmpmaxtime,ifalarm,alarmlevel,hlimit,llimit,alarmref) values(10422,'[bstation1]bstationpos_pos4','【bstation1】分接头4档位',1,12,1,2,1,'','',115,'','','','',1,300,0.5,1,1200,2,1,10000,-10000,0);
insert into point(id,name,description,sourcetype,parenttype,parentid,pointtype,needarchive,artime,sntime,sndvalue,snivalue,arcdvalue,arcivalue,arcquality,snquality,timeout,cmpdev,cmpmintime,cmpmaxtime,ifalarm,alarmlevel,hlimit,llimit,alarmref) values(10423,'[bstation1]bstationpos_pos5','【bstation1】分接头5档位',1,12,1,2,1,'','',120,'','','','',1,300,0.5,1,1200,2,1,10000,-10000,0);
insert into point(id,name,description,sourcetype,parenttype,parentid,pointtype,needarchive,artime,sntime,sndvalue,snivalue,arcdvalue,arcivalue,arcquality,snquality,timeout,cmpdev,cmpmintime,cmpmaxtime,ifalarm,alarmlevel,hlimit,llimit,alarmref) values(10424,'[bstation1]bstationpos_pos6','【bstation1】分接头6档位',1,12,1,2,1,'','',125,'','','','',1,300,0.5,1,1200,2,1,10000,-10000,0);
insert into point(id,name,description,sourcetype,parenttype,parentid,pointtype,needarchive,artime,sntime,sndvalue,snivalue,arcdvalue,arcivalue,arcquality,snquality,timeout,cmpdev,cmpmintime,cmpmaxtime,ifalarm,alarmlevel,hlimit,llimit,alarmref) values(10425,'[bstation1]bstationpos_pos7','【bstation1】分接头7档位',1,12,1,2,1,'','',130,'','','','',1,300,0.5,1,1200,2,1,10000,-10000,0);
insert into point(id,name,description,sourcetype,parenttype,parentid,pointtype,needarchive,artime,sntime,sndvalue,snivalue,arcdvalue,arcivalue,arcquality,snquality,timeout,cmpdev,cmpmintime,cmpmaxtime,ifalarm,alarmlevel,hlimit,llimit,alarmref) values(10426,'[bstation1]bstationpos_pos8','【bstation1】分接头8档位',1,12,1,2,1,'','',135,'','','','',1,300,0.5,1,1200,2,1,10000,-10000,0);
insert into point(id,name,description,sourcetype,parenttype,parentid,pointtype,needarchive,artime,sntime,sndvalue,snivalue,arcdvalue,arcivalue,arcquality,snquality,timeout,cmpdev,cmpmintime,cmpmaxtime,ifalarm,alarmlevel,hlimit,llimit,alarmref) values(10427,'[bstation1]bstationpos_pos9','【bstation1】分接头9档位',1,12,1,2,1,'','',140,'','','','',1,300,0.5,1,1200,2,1,10000,-10000,0);
insert into point(id,name,description,sourcetype,parenttype,parentid,pointtype,needarchive,artime,sntime,sndvalue,snivalue,arcdvalue,arcivalue,arcquality,snquality,timeout,cmpdev,cmpmintime,cmpmaxtime,ifalarm,alarmlevel,hlimit,llimit,alarmref) values(10428,'[bstation1]bstationpos_pos10','【bstation1】分接头10档位',1,12,1,2,1,'','',145,'','','','',1,300,0.5,1,1200,2,1,10000,-10000,0);
insert into point(id,name,description,sourcetype,parenttype,parentid,pointtype,needarchive,artime,sntime,sndvalue,snivalue,arcdvalue,arcivalue,arcquality,snquality,timeout,cmpdev,cmpmintime,cmpmaxtime,ifalarm,alarmlevel,hlimit,llimit,alarmref) values(10429,'[bstation1]bstationpos_pos11','【bstation1】分接头11档位',1,12,1,2,1,'','',150,'','','','',1,300,0.5,1,1200,2,1,10000,-10000,0);
insert into point(id,name,description,sourcetype,parenttype,parentid,pointtype,needarchive,artime,sntime,sndvalue,snivalue,arcdvalue,arcivalue,arcquality,snquality,timeout,cmpdev,cmpmintime,cmpmaxtime,ifalarm,alarmlevel,hlimit,llimit,alarmref) values(10430,'[bstation1]bstationpos_pos12','【bstation1】分接头12档位',1,12,1,2,1,'','',155,'','','','',1,300,0.5,1,1200,2,1,10000,-10000,0);
insert into point(id,name,description,sourcetype,parenttype,parentid,pointtype,needarchive,artime,sntime,sndvalue,snivalue,arcdvalue,arcivalue,arcquality,snquality,timeout,cmpdev,cmpmintime,cmpmaxtime,ifalarm,alarmlevel,hlimit,llimit,alarmref) values(10431,'[bstation1]bstationpos_pos13','【bstation1】分接头13档位',1,12,1,2,1,'','',160,'','','','',1,300,0.5,1,1200,2,1,10000,-10000,0);
insert into point(id,name,description,sourcetype,parenttype,parentid,pointtype,needarchive,artime,sntime,sndvalue,snivalue,arcdvalue,arcivalue,arcquality,snquality,timeout,cmpdev,cmpmintime,cmpmaxtime,ifalarm,alarmlevel,hlimit,llimit,alarmref) values(10432,'[bstation1]bstationpos_pos14','【bstation1】分接头14档位',1,12,1,2,1,'','',165,'','','','',1,300,0.5,1,1200,2,1,10000,-10000,0);
insert into point(id,name,description,sourcetype,parenttype,parentid,pointtype,needarchive,artime,sntime,sndvalue,snivalue,arcdvalue,arcivalue,arcquality,snquality,timeout,cmpdev,cmpmintime,cmpmaxtime,ifalarm,alarmlevel,hlimit,llimit,alarmref) values(10433,'[bstation1]bstationpos_pos15','【bstation1】分接头15档位',1,12,1,2,1,'','',170,'','','','',1,300,0.5,1,1200,2,1,10000,-10000,0);
insert into point(id,name,description,sourcetype,parenttype,parentid,pointtype,needarchive,artime,sntime,sndvalue,snivalue,arcdvalue,arcivalue,arcquality,snquality,timeout,cmpdev,cmpmintime,cmpmaxtime,ifalarm,alarmlevel,hlimit,llimit,alarmref) values(10434,'[bstation1]bstationpos_pos16','【bstation1】分接头16档位',1,12,1,2,1,'','',175,'','','','',1,300,0.5,1,1200,2,1,10000,-10000,0);
insert into point(id,name,description,sourcetype,parenttype,parentid,pointtype,needarchive,artime,sntime,sndvalue,snivalue,arcdvalue,arcivalue,arcquality,snquality,timeout,cmpdev,cmpmintime,cmpmaxtime,ifalarm,alarmlevel,hlimit,llimit,alarmref) values(10435,'[bstation1]bstationpos_pos17','【bstation1】分接头17档位',1,12,1,2,1,'','',180,'','','','',1,300,0.5,1,1200,2,1,10000,-10000,0);
insert into point(id,name,description,sourcetype,parenttype,parentid,pointtype,needarchive,artime,sntime,sndvalue,snivalue,arcdvalue,arcivalue,arcquality,snquality,timeout,cmpdev,cmpmintime,cmpmaxtime,ifalarm,alarmlevel,hlimit,llimit,alarmref) values(10436,'[bstation1]bstationpos_pos18','【bstation1】分接头18档位',1,12,1,2,1,'','',185,'','','','',1,300,0.5,1,1200,2,1,10000,-10000,0);
insert into point(id,name,description,sourcetype,parenttype,parentid,pointtype,needarchive,artime,sntime,sndvalue,snivalue,arcdvalue,arcivalue,arcquality,snquality,timeout,cmpdev,cmpmintime,cmpmaxtime,ifalarm,alarmlevel,hlimit,llimit,alarmref) values(10437,'[bstation1]bstationpos_pos19','【bstation1】分接头19档位',1,12,1,2,1,'','',190,'','','','',1,300,0.5,1,1200,2,1,10000,-10000,0);
insert into point(id,name,description,sourcetype,parenttype,parentid,pointtype,needarchive,artime,sntime,sndvalue,snivalue,arcdvalue,arcivalue,arcquality,snquality,timeout,cmpdev,cmpmintime,cmpmaxtime,ifalarm,alarmlevel,hlimit,llimit,alarmref) values(10438,'[bstation1]bstationpos_pos20','【bstation1】分接头20档位',1,12,1,2,1,'','',195,'','','','',1,300,0.5,1,1200,2,1,10000,-10000,0);
insert into point(id,name,description,sourcetype,parenttype,parentid,pointtype,needarchive,artime,sntime,sndvalue,snivalue,arcdvalue,arcivalue,arcquality,snquality,timeout,cmpdev,cmpmintime,cmpmaxtime,ifalarm,alarmlevel,hlimit,llimit,alarmref) values(10439,'[bstation1]bstationpos_pos21','【bstation1】分接头21档位',1,12,1,2,1,'','',200,'','','','',1,300,0.5,1,1200,2,1,10000,-10000,0);
insert into point(id,name,description,sourcetype,parenttype,parentid,pointtype,needarchive,artime,sntime,sndvalue,snivalue,arcdvalue,arcivalue,arcquality,snquality,timeout,cmpdev,cmpmintime,cmpmaxtime,ifalarm,alarmlevel,hlimit,llimit,alarmref) values(10440,'[bstation1]bstationpos_pos22','【bstation1】分接头22档位',1,12,1,2,1,'','',205,'','','','',1,300,0.5,1,1200,2,1,10000,-10000,0);
insert into point(id,name,description,sourcetype,parenttype,parentid,pointtype,needarchive,artime,sntime,sndvalue,snivalue,arcdvalue,arcivalue,arcquality,snquality,timeout,cmpdev,cmpmintime,cmpmaxtime,ifalarm,alarmlevel,hlimit,llimit,alarmref) values(10441,'[bstation1]bstationpos_pos23','【bstation1】分接头23档位',1,12,1,2,1,'','',210,'','','','',1,300,0.5,1,1200,2,1,10000,-10000,0);
insert into point(id,name,description,sourcetype,parenttype,parentid,pointtype,needarchive,artime,sntime,sndvalue,snivalue,arcdvalue,arcivalue,arcquality,snquality,timeout,cmpdev,cmpmintime,cmpmaxtime,ifalarm,alarmlevel,hlimit,llimit,alarmref) values(10442,'[bstation1]bstationpos_pos24','【bstation1】分接头24档位',1,12,1,2,1,'','',215,'','','','',1,300,0.5,1,1200,2,1,10000,-10000,0);
insert into point(id,name,description,sourcetype,parenttype,parentid,pointtype,needarchive,artime,sntime,sndvalue,snivalue,arcdvalue,arcivalue,arcquality,snquality,timeout,cmpdev,cmpmintime,cmpmaxtime,ifalarm,alarmlevel,hlimit,llimit,alarmref) values(10443,'[bstation1]bstationpos_pos25','【bstation1】分接头25档位',1,12,1,2,1,'','',220,'','','','',1,300,0.5,1,1200,2,1,10000,-10000,0);
insert into point(id,name,description,sourcetype,parenttype,parentid,pointtype,needarchive,artime,sntime,sndvalue,snivalue,arcdvalue,arcivalue,arcquality,snquality,timeout,cmpdev,cmpmintime,cmpmaxtime,ifalarm,alarmlevel,hlimit,llimit,alarmref) values(10444,'[bstation1]bstationpos_pos26','【bstation1】分接头26档位',1,12,1,2,1,'','',225,'','','','',1,300,0.5,1,1200,2,1,10000,-10000,0);
insert into point(id,name,description,sourcetype,parenttype,parentid,pointtype,needarchive,artime,sntime,sndvalue,snivalue,arcdvalue,arcivalue,arcquality,snquality,timeout,cmpdev,cmpmintime,cmpmaxtime,ifalarm,alarmlevel,hlimit,llimit,alarmref) values(10445,'[bstation1]bstationpos_pos27','【bstation1】分接头27档位',1,12,1,2,1,'','',230,'','','','',1,300,0.5,1,1200,2,1,10000,-10000,0);
insert into point(id,name,description,sourcetype,parenttype,parentid,pointtype,needarchive,artime,sntime,sndvalue,snivalue,arcdvalue,arcivalue,arcquality,snquality,timeout,cmpdev,cmpmintime,cmpmaxtime,ifalarm,alarmlevel,hlimit,llimit,alarmref) values(10446,'[bstation1]bstationpos_pos28','【bstation1】分接头28档位',1,12,1,2,1,'','',235,'','','','',1,300,0.5,1,1200,2,1,10000,-10000,0);
insert into point(id,name,description,sourcetype,parenttype,parentid,pointtype,needarchive,artime,sntime,sndvalue,snivalue,arcdvalue,arcivalue,arcquality,snquality,timeout,cmpdev,cmpmintime,cmpmaxtime,ifalarm,alarmlevel,hlimit,llimit,alarmref) values(10447,'[bstation1]bstationpos_pos29','【bstation1】分接头29档位',1,12,1,2,1,'','',240,'','','','',1,300,0.5,1,1200,2,1,10000,-10000,0);
insert into point(id,name,description,sourcetype,parenttype,parentid,pointtype,needarchive,artime,sntime,sndvalue,snivalue,arcdvalue,arcivalue,arcquality,snquality,timeout,cmpdev,cmpmintime,cmpmaxtime,ifalarm,alarmlevel,hlimit,llimit,alarmref) values(10448,'[bstation1]bstationpos_pos30','【bstation1】分接头30档位',1,12,1,2,1,'','',245,'','','','',1,300,0.5,1,1200,2,1,10000,-10000,0);
insert into point(id,name,description,sourcetype,parenttype,parentid,pointtype,needarchive,artime,sntime,sndvalue,snivalue,arcdvalue,arcivalue,arcquality,snquality,timeout,cmpdev,cmpmintime,cmpmaxtime,ifalarm,alarmlevel,hlimit,llimit,alarmref) values(10449,'[bstation1]bstationpos_pos31','【bstation1】分接头31档位',1,12,1,2,1,'','',250,'','','','',1,300,0.5,1,1200,2,1,10000,-10000,0);
insert into point(id,name,description,sourcetype,parenttype,parentid,pointtype,needarchive,artime,sntime,sndvalue,snivalue,arcdvalue,arcivalue,arcquality,snquality,timeout,cmpdev,cmpmintime,cmpmaxtime,ifalarm,alarmlevel,hlimit,llimit,alarmref) values(10450,'[bstation1]bstationpos_pos32','【bstation1】分接头32档位',1,12,1,2,1,'','',255,'','','','',1,300,0.5,1,1200,2,1,10000,-10000,0);
insert into point(id,name,description,sourcetype,parenttype,parentid,pointtype,needarchive,artime,sntime,sndvalue,snivalue,arcdvalue,arcivalue,arcquality,snquality,timeout,cmpdev,cmpmintime,cmpmaxtime,ifalarm,alarmlevel,hlimit,llimit,alarmref) values(10451,'[bstation1]bstationpos_pos33','【bstation1】分接头33档位',1,12,1,2,1,'','',260,'','','','',1,300,0.5,1,1200,2,1,10000,-10000,0);
insert into point(id,name,description,sourcetype,parenttype,parentid,pointtype,needarchive,artime,sntime,sndvalue,snivalue,arcdvalue,arcivalue,arcquality,snquality,timeout,cmpdev,cmpmintime,cmpmaxtime,ifalarm,alarmlevel,hlimit,llimit,alarmref) values(10452,'[bstation1]bstationpos_pos34','【bstation1】分接头34档位',1,12,1,2,1,'','',265,'','','','',1,300,0.5,1,1200,2,1,10000,-10000,0);
insert into point(id,name,description,sourcetype,parenttype,parentid,pointtype,needarchive,artime,sntime,sndvalue,snivalue,arcdvalue,arcivalue,arcquality,snquality,timeout,cmpdev,cmpmintime,cmpmaxtime,ifalarm,alarmlevel,hlimit,llimit,alarmref) values(10453,'[bstation1]bstationpos_pos35','【bstation1】分接头35档位',1,12,1,2,1,'','',270,'','','','',1,300,0.5,1,1200,2,1,10000,-10000,0);
insert into commstatus(id, name, commtype, commstatus, occurtime) values(1, '逆变器通道', 4, 0, 0);
insert into commstatus(id, name, commtype, commstatus, occurtime) values(2, '调度AGC或AVC通道', 1, 0, 0);

commit;



/*修改了自增的字段*/
insert into strategy(objectg,filename,time,strname,description) values(1,'equivalentagc',NOW(),'平均分配策略','调节过程中总的差值平均分配到每台可调逆变器上');
insert into strategy(objectg,filename,time,strname,description) values(1,'marginvalentagc',NOW(),'裕度分配策略','调节过程中总按裕度分配到每台可调逆变器上');
insert into strategy(objectg,filename,time,strname,description) values(2,'equivalentavc',NOW(),'平均分配策略','调节过程中总的差值平均分配到每台可调逆变器上');
commit;

insert into point(id,name,description,sourcetype,parenttype,parentid,pointtype,needarchive,artime,sntime,sndvalue,snivalue,arcdvalue,arcivalue,arcquality,snquality,timeout,cmpdev,cmpmintime,cmpmaxtime,ifalarm,alarmlevel,hlimit,llimit,alarmref) values(70030,'agcsysinfo_strategy','AGC策略选择',1,9,1,5,1,'','','',2,'','','',1,300,0.5,1,1200,2,1,10000,-10000,0);
insert into point(id,name,description,sourcetype,parenttype,parentid,pointtype,needarchive,artime,sntime,sndvalue,snivalue,arcdvalue,arcivalue,arcquality,snquality,timeout,cmpdev,cmpmintime,cmpmaxtime,ifalarm,alarmlevel,hlimit,llimit,alarmref) values(70088,'agcsysinfo_offset','AGC有功目标值偏移量',1,9,1,2,1,'','',0,'','','','',1,300,0.5,1,1200,2,1,10000,-10000,0);
insert into point(id,name,description,sourcetype,parenttype,parentid,pointtype,needarchive,artime,sntime,sndvalue,snivalue,arcdvalue,arcivalue,arcquality,snquality,timeout,cmpdev,cmpmintime,cmpmaxtime,ifalarm,alarmlevel,hlimit,llimit,alarmref) values(70089,'agcsysinfo_fulltargetp','AGC满发按钮目标值',3,9,1,4,1,'','',0,'','','','',1,300,0.5,1,1200,2,1,10000,-10000,0);
commit;


#集电线配点
insert into collline (id,name,fid,allcapacity,p_id,q_id,ws_id,wv_id,tp_id,rcap_id,runnum_id,rpower_id,tpower_id)
values
(1,'collline_NO1',1,5,12350,12351,12352,12353,12354,12355,12356,12357,12358);

insert into point(id,name,description,sourcetype,parenttype,parentid,pointtype,needarchive,artime,sntime,sndvalue,snivalue,arcdvalue,arcivalue,arcquality,snquality,timeout,cmpdev,cmpmintime,cmpmaxtime,ifalarm,alarmlevel,hlimit,llimit,alarmref) values(12350,'collline_NO1_p','1号集线器总有功',2,1,1,2,1,'','',0,'','','','',1,300,0.1,1,1200,2,1,10000,-10000,0);
insert into point(id,name,description,sourcetype,parenttype,parentid,pointtype,needarchive,artime,sntime,sndvalue,snivalue,arcdvalue,arcivalue,arcquality,snquality,timeout,cmpdev,cmpmintime,cmpmaxtime,ifalarm,alarmlevel,hlimit,llimit,alarmref) values(12351,'collline_NO1_q','1号集线器总无功',2,1,1,2,1,'','',0,'','','','',1,300,0.1,1,1200,2,1,10000,-10000,0);
insert into point(id,name,description,sourcetype,parenttype,parentid,pointtype,needarchive,artime,sntime,sndvalue,snivalue,arcdvalue,arcivalue,arcquality,snquality,timeout,cmpdev,cmpmintime,cmpmaxtime,ifalarm,alarmlevel,hlimit,llimit,alarmref) values(12352,'collline_NO1_ws','1号集线器5分钟平均风速',2,1,1,2,1,'','',0,'','','','',1,300,0.1,1,1200,2,1,10000,-10000,0);
insert into point(id,name,description,sourcetype,parenttype,parentid,pointtype,needarchive,artime,sntime,sndvalue,snivalue,arcdvalue,arcivalue,arcquality,snquality,timeout,cmpdev,cmpmintime,cmpmaxtime,ifalarm,alarmlevel,hlimit,llimit,alarmref) values(12353,'collline_NO1_wv','1号集线器5分钟平均风向',2,1,1,2,1,'','',0,'','','','',1,300,0.1,1,1200,2,1,10000,-10000,0);
insert into point(id,name,description,sourcetype,parenttype,parentid,pointtype,needarchive,artime,sntime,sndvalue,snivalue,arcdvalue,arcivalue,arcquality,snquality,timeout,cmpdev,cmpmintime,cmpmaxtime,ifalarm,alarmlevel,hlimit,llimit,alarmref) values(12354,'collline_NO1_tp','1号集线器理论有功',2,1,1,2,1,'','',0,'','','','',1,300,0.1,1,1200,2,1,10000,-10000,0);
insert into point(id,name,description,sourcetype,parenttype,parentid,pointtype,needarchive,artime,sntime,sndvalue,snivalue,arcdvalue,arcivalue,arcquality,snquality,timeout,cmpdev,cmpmintime,cmpmaxtime,ifalarm,alarmlevel,hlimit,llimit,alarmref) values(12355,'collline_NO1_rcap','1号集线器实际开机容量',2,1,1,2,1,'','',5,'','','','',1,300,0.1,1,1200,2,1,10000,-10000,0);
insert into point(id,name,description,sourcetype,parenttype,parentid,pointtype,needarchive,artime,sntime,sndvalue,snivalue,arcdvalue,arcivalue,arcquality,snquality,timeout,cmpdev,cmpmintime,cmpmaxtime,ifalarm,alarmlevel,hlimit,llimit,alarmref) values(12356,'collline_NO1_runnum','1号集线器风机运行台数',4,1,1,5,1,'','','',0,'','','',1,300,0.1,1,1200,2,1,10000,-10000,0);
insert into point(id,name,description,sourcetype,parenttype,parentid,pointtype,needarchive,artime,sntime,sndvalue,snivalue,arcdvalue,arcivalue,arcquality,snquality,timeout,cmpdev,cmpmintime,cmpmaxtime,ifalarm,alarmlevel,hlimit,llimit,alarmref) values(12357,'collline_NO1_rpower','1号集线器日累计电量',2,1,1,2,1,'','',0,'','','','',1,300,0.1,1,1200,2,1,10000,-10000,0);
insert into point(id,name,description,sourcetype,parenttype,parentid,pointtype,needarchive,artime,sntime,sndvalue,snivalue,arcdvalue,arcivalue,arcquality,snquality,timeout,cmpdev,cmpmintime,cmpmaxtime,ifalarm,alarmlevel,hlimit,llimit,alarmref) values(12358,'collline_NO1_tpower','1号集线器日理论电量',2,1,1,2,1,'','',0,'','','','',1,300,0.1,1,1200,2,1,10000,-10000,0);

insert into collline (id,name,fid,allcapacity,p_id,q_id,ws_id,wv_id,tp_id,rcap_id,runnum_id,rpower_id,tpower_id)
values
(2,'collline_NO2',1,5,12359,12360,12361,12362,12363,12364,12365,12366,12367);

insert into point(id,name,description,sourcetype,parenttype,parentid,pointtype,needarchive,artime,sntime,sndvalue,snivalue,arcdvalue,arcivalue,arcquality,snquality,timeout,cmpdev,cmpmintime,cmpmaxtime,ifalarm,alarmlevel,hlimit,llimit,alarmref) values(12359,'collline_NO2_p','2号集线器总有功',2,1,1,2,1,'','',0,'','','','',1,300,0.1,1,1200,2,1,10000,-10000,0);
insert into point(id,name,description,sourcetype,parenttype,parentid,pointtype,needarchive,artime,sntime,sndvalue,snivalue,arcdvalue,arcivalue,arcquality,snquality,timeout,cmpdev,cmpmintime,cmpmaxtime,ifalarm,alarmlevel,hlimit,llimit,alarmref) values(12360,'collline_NO2_q','2号集线器总无功',2,1,1,2,1,'','',0,'','','','',1,300,0.1,1,1200,2,1,10000,-10000,0);
insert into point(id,name,description,sourcetype,parenttype,parentid,pointtype,needarchive,artime,sntime,sndvalue,snivalue,arcdvalue,arcivalue,arcquality,snquality,timeout,cmpdev,cmpmintime,cmpmaxtime,ifalarm,alarmlevel,hlimit,llimit,alarmref) values(12361,'collline_NO2_ws','2号集线器5分钟平均风速',2,1,1,2,1,'','',0,'','','','',1,300,0.1,1,1200,2,1,10000,-10000,0);
insert into point(id,name,description,sourcetype,parenttype,parentid,pointtype,needarchive,artime,sntime,sndvalue,snivalue,arcdvalue,arcivalue,arcquality,snquality,timeout,cmpdev,cmpmintime,cmpmaxtime,ifalarm,alarmlevel,hlimit,llimit,alarmref) values(12362,'collline_NO2_wv','2号集线器5分钟平均风向',2,1,1,2,1,'','',0,'','','','',1,300,0.1,1,1200,2,1,10000,-10000,0);
insert into point(id,name,description,sourcetype,parenttype,parentid,pointtype,needarchive,artime,sntime,sndvalue,snivalue,arcdvalue,arcivalue,arcquality,snquality,timeout,cmpdev,cmpmintime,cmpmaxtime,ifalarm,alarmlevel,hlimit,llimit,alarmref) values(12363,'collline_NO2_tp','2号集线器理论有功',2,1,1,2,1,'','',0,'','','','',1,300,0.1,1,1200,2,1,10000,-10000,0);
insert into point(id,name,description,sourcetype,parenttype,parentid,pointtype,needarchive,artime,sntime,sndvalue,snivalue,arcdvalue,arcivalue,arcquality,snquality,timeout,cmpdev,cmpmintime,cmpmaxtime,ifalarm,alarmlevel,hlimit,llimit,alarmref) values(12364,'collline_NO2_rcap','2号集线器实际开机容量',2,1,1,2,1,'','',5,'','','','',1,300,0.1,1,1200,2,1,10000,-10000,0);
insert into point(id,name,description,sourcetype,parenttype,parentid,pointtype,needarchive,artime,sntime,sndvalue,snivalue,arcdvalue,arcivalue,arcquality,snquality,timeout,cmpdev,cmpmintime,cmpmaxtime,ifalarm,alarmlevel,hlimit,llimit,alarmref) values(12365,'collline_NO2_runnum','2号集线器风机运行台数',4,1,1,5,1,'','','',0,'','','',1,300,0.1,1,1200,2,1,10000,-10000,0);
insert into point(id,name,description,sourcetype,parenttype,parentid,pointtype,needarchive,artime,sntime,sndvalue,snivalue,arcdvalue,arcivalue,arcquality,snquality,timeout,cmpdev,cmpmintime,cmpmaxtime,ifalarm,alarmlevel,hlimit,llimit,alarmref) values(12366,'collline_NO2_rpower','2号集线器日累计电量',2,1,1,2,1,'','',0,'','','','',1,300,0.1,1,1200,2,1,10000,-10000,0);
insert into point(id,name,description,sourcetype,parenttype,parentid,pointtype,needarchive,artime,sntime,sndvalue,snivalue,arcdvalue,arcivalue,arcquality,snquality,timeout,cmpdev,cmpmintime,cmpmaxtime,ifalarm,alarmlevel,hlimit,llimit,alarmref) values(12367,'collline_NO2_tpower','2号集线器日理论电量',2,1,1,2,1,'','',0,'','','','',1,300,0.1,1,1200,2,1,10000,-10000,0);

insert into collline (id,name,fid,allcapacity,p_id,q_id,ws_id,wv_id,tp_id,rcap_id,runnum_id,rpower_id,tpower_id)
values
(3,'collline_NO3',1,5,12368,12369,12370,12371,12372,12373,12374,12375,12376);

insert into point(id,name,description,sourcetype,parenttype,parentid,pointtype,needarchive,artime,sntime,sndvalue,snivalue,arcdvalue,arcivalue,arcquality,snquality,timeout,cmpdev,cmpmintime,cmpmaxtime,ifalarm,alarmlevel,hlimit,llimit,alarmref) values(12368,'collline_NO3_p','3号集线器总有功',2,1,1,2,1,'','',0,'','','','',1,300,0.1,1,1200,2,1,10000,-10000,0);
insert into point(id,name,description,sourcetype,parenttype,parentid,pointtype,needarchive,artime,sntime,sndvalue,snivalue,arcdvalue,arcivalue,arcquality,snquality,timeout,cmpdev,cmpmintime,cmpmaxtime,ifalarm,alarmlevel,hlimit,llimit,alarmref) values(12369,'collline_NO3_q','3号集线器总无功',2,1,1,2,1,'','',0,'','','','',1,300,0.1,1,1200,2,1,10000,-10000,0);
insert into point(id,name,description,sourcetype,parenttype,parentid,pointtype,needarchive,artime,sntime,sndvalue,snivalue,arcdvalue,arcivalue,arcquality,snquality,timeout,cmpdev,cmpmintime,cmpmaxtime,ifalarm,alarmlevel,hlimit,llimit,alarmref) values(12370,'collline_NO3_ws','3号集线器5分钟平均风速',2,1,1,2,1,'','',0,'','','','',1,300,0.1,1,1200,2,1,10000,-10000,0);
insert into point(id,name,description,sourcetype,parenttype,parentid,pointtype,needarchive,artime,sntime,sndvalue,snivalue,arcdvalue,arcivalue,arcquality,snquality,timeout,cmpdev,cmpmintime,cmpmaxtime,ifalarm,alarmlevel,hlimit,llimit,alarmref) values(12371,'collline_NO3_wv','3号集线器5分钟平均风向',2,1,1,2,1,'','',0,'','','','',1,300,0.1,1,1200,2,1,10000,-10000,0);
insert into point(id,name,description,sourcetype,parenttype,parentid,pointtype,needarchive,artime,sntime,sndvalue,snivalue,arcdvalue,arcivalue,arcquality,snquality,timeout,cmpdev,cmpmintime,cmpmaxtime,ifalarm,alarmlevel,hlimit,llimit,alarmref) values(12372,'collline_NO3_tp','3号集线器理论有功',2,1,1,2,1,'','',0,'','','','',1,300,0.1,1,1200,2,1,10000,-10000,0);
insert into point(id,name,description,sourcetype,parenttype,parentid,pointtype,needarchive,artime,sntime,sndvalue,snivalue,arcdvalue,arcivalue,arcquality,snquality,timeout,cmpdev,cmpmintime,cmpmaxtime,ifalarm,alarmlevel,hlimit,llimit,alarmref) values(12373,'collline_NO3_rcap','3号集线器实际开机容量',2,1,1,2,1,'','',5,'','','','',1,300,0.1,1,1200,2,1,10000,-10000,0);
insert into point(id,name,description,sourcetype,parenttype,parentid,pointtype,needarchive,artime,sntime,sndvalue,snivalue,arcdvalue,arcivalue,arcquality,snquality,timeout,cmpdev,cmpmintime,cmpmaxtime,ifalarm,alarmlevel,hlimit,llimit,alarmref) values(12374,'collline_NO3_runnum','3号集线器风机运行台数',4,1,1,5,1,'','','',0,'','','',1,300,0.1,1,1200,2,1,10000,-10000,0);
insert into point(id,name,description,sourcetype,parenttype,parentid,pointtype,needarchive,artime,sntime,sndvalue,snivalue,arcdvalue,arcivalue,arcquality,snquality,timeout,cmpdev,cmpmintime,cmpmaxtime,ifalarm,alarmlevel,hlimit,llimit,alarmref) values(12375,'collline_NO3_rpower','3号集线器日累计电量',2,1,1,2,1,'','',0,'','','','',1,300,0.1,1,1200,2,1,10000,-10000,0);
insert into point(id,name,description,sourcetype,parenttype,parentid,pointtype,needarchive,artime,sntime,sndvalue,snivalue,arcdvalue,arcivalue,arcquality,snquality,timeout,cmpdev,cmpmintime,cmpmaxtime,ifalarm,alarmlevel,hlimit,llimit,alarmref) values(12376,'collline_NO3_tpower','3号集线器日理论电量',2,1,1,2,1,'','',0,'','','','',1,300,0.1,1,1200,2,1,10000,-10000,0);

insert into collline (id,name,fid,allcapacity,p_id,q_id,ws_id,wv_id,tp_id,rcap_id,runnum_id,rpower_id,tpower_id)
values
(4,'collline_NO4',1,5,12377,12378,12379,12380,12381,12382,12383,12384,12385);

insert into point(id,name,description,sourcetype,parenttype,parentid,pointtype,needarchive,artime,sntime,sndvalue,snivalue,arcdvalue,arcivalue,arcquality,snquality,timeout,cmpdev,cmpmintime,cmpmaxtime,ifalarm,alarmlevel,hlimit,llimit,alarmref) values(12377,'collline_NO4_p','4号集线器总有功',2,1,1,2,1,'','',0,'','','','',1,300,0.1,1,1200,2,1,10000,-10000,0);
insert into point(id,name,description,sourcetype,parenttype,parentid,pointtype,needarchive,artime,sntime,sndvalue,snivalue,arcdvalue,arcivalue,arcquality,snquality,timeout,cmpdev,cmpmintime,cmpmaxtime,ifalarm,alarmlevel,hlimit,llimit,alarmref) values(12378,'collline_NO4_q','4号集线器总无功',2,1,1,2,1,'','',0,'','','','',1,300,0.1,1,1200,2,1,10000,-10000,0);
insert into point(id,name,description,sourcetype,parenttype,parentid,pointtype,needarchive,artime,sntime,sndvalue,snivalue,arcdvalue,arcivalue,arcquality,snquality,timeout,cmpdev,cmpmintime,cmpmaxtime,ifalarm,alarmlevel,hlimit,llimit,alarmref) values(12379,'collline_NO4_ws','4号集线器5分钟平均风速',2,1,1,2,1,'','',0,'','','','',1,300,0.1,1,1200,2,1,10000,-10000,0);
insert into point(id,name,description,sourcetype,parenttype,parentid,pointtype,needarchive,artime,sntime,sndvalue,snivalue,arcdvalue,arcivalue,arcquality,snquality,timeout,cmpdev,cmpmintime,cmpmaxtime,ifalarm,alarmlevel,hlimit,llimit,alarmref) values(12380,'collline_NO4_wv','4号集线器5分钟平均风向',2,1,1,2,1,'','',0,'','','','',1,300,0.1,1,1200,2,1,10000,-10000,0);
insert into point(id,name,description,sourcetype,parenttype,parentid,pointtype,needarchive,artime,sntime,sndvalue,snivalue,arcdvalue,arcivalue,arcquality,snquality,timeout,cmpdev,cmpmintime,cmpmaxtime,ifalarm,alarmlevel,hlimit,llimit,alarmref) values(12381,'collline_NO4_tp','4号集线器理论有功',2,1,1,2,1,'','',0,'','','','',1,300,0.1,1,1200,2,1,10000,-10000,0);
insert into point(id,name,description,sourcetype,parenttype,parentid,pointtype,needarchive,artime,sntime,sndvalue,snivalue,arcdvalue,arcivalue,arcquality,snquality,timeout,cmpdev,cmpmintime,cmpmaxtime,ifalarm,alarmlevel,hlimit,llimit,alarmref) values(12382,'collline_NO4_rcap','4号集线器实际开机容量',2,1,1,2,1,'','',5,'','','','',1,300,0.1,1,1200,2,1,10000,-10000,0);
insert into point(id,name,description,sourcetype,parenttype,parentid,pointtype,needarchive,artime,sntime,sndvalue,snivalue,arcdvalue,arcivalue,arcquality,snquality,timeout,cmpdev,cmpmintime,cmpmaxtime,ifalarm,alarmlevel,hlimit,llimit,alarmref) values(12383,'collline_NO4_runnum','4号集线器风机运行台数',4,1,1,5,1,'','','',0,'','','',1,300,0.1,1,1200,2,1,10000,-10000,0);
insert into point(id,name,description,sourcetype,parenttype,parentid,pointtype,needarchive,artime,sntime,sndvalue,snivalue,arcdvalue,arcivalue,arcquality,snquality,timeout,cmpdev,cmpmintime,cmpmaxtime,ifalarm,alarmlevel,hlimit,llimit,alarmref) values(12384,'collline_NO4_rpower','4号集线器日累计电量',2,1,1,2,1,'','',0,'','','','',1,300,0.1,1,1200,2,1,10000,-10000,0);
insert into point(id,name,description,sourcetype,parenttype,parentid,pointtype,needarchive,artime,sntime,sndvalue,snivalue,arcdvalue,arcivalue,arcquality,snquality,timeout,cmpdev,cmpmintime,cmpmaxtime,ifalarm,alarmlevel,hlimit,llimit,alarmref) values(12385,'collline_NO4_tpower','4号集线器日理论电量',2,1,1,2,1,'','',0,'','','','',1,300,0.1,1,1200,2,1,10000,-10000,0);
commit;


insert into point(id,name,description,sourcetype,parenttype,parentid,pointtype,needarchive,artime,sntime,sndvalue,snivalue,arcdvalue,arcivalue,arcquality,snquality,timeout,cmpdev,cmpmintime,cmpmaxtime,ifalarm,alarmlevel,hlimit,llimit,alarmref) values(70031,'avcsysinfo_strategy','AVC策略选择',1,10,1,5,1,'','','',3,'','','',1,300,0.5,1,1200,2,1,10000,-10000,0);
insert into point(id,name,description,sourcetype,parenttype,parentid,pointtype,needarchive,artime,sntime,sndvalue,snivalue,arcdvalue,arcivalue,arcquality,snquality,timeout,cmpdev,cmpmintime,cmpmaxtime,ifalarm,alarmlevel,hlimit,llimit,alarmref) values(70032,'avcsysinfo_svgcircsend','SVG是否循环发送命令',1,10,1,5,1,'','','',0,'','','',1,300,0.5,1,1200,2,1,10000,-10000,0);
insert into point(id,name,description,sourcetype,parenttype,parentid,pointtype,needarchive,artime,sntime,sndvalue,snivalue,arcdvalue,arcivalue,arcquality,snquality,timeout,cmpdev,cmpmintime,cmpmaxtime,ifalarm,alarmlevel,hlimit,llimit,alarmref) values(70033,'avcsysinfo_btiectlmode','分接头调节是方式',1,10,1,5,1,'','','',0,'','','',1,300,0.5,1,1200,2,1,10000,-10000,0);
commit;

update point set needarchive = 2;
update point set cmpdev = 1;
update point set needarchive = 1,cmpdev = 1 where id in (select p_id from farminfo);
update point set needarchive = 1,cmpdev = 1 where id in (select q_id from farminfo);
update point set needarchive = 1,cmpdev = 0.4 where id in (select busrtv_id from farminfo);
update point set needarchive = 1,cmpdev = 0.1 where id in (select pf_id from avcsysinfo);
update point set needarchive = 1,cmpdev =50 where id in (select p_id from itinfo);
update point set needarchive = 1,cmpdev =50 where id in (select q_id from itinfo);
update point set needarchive = 1,cmpdev =50 where id in (select itfact_id from itinfo);
update point set needarchive = 1,cmpdev =0.1 where id in (select targetp_id from agcsysinfo);
update point set needarchive = 1,cmpdev =0.1 where id in (select cmdtargetv_id from avcsysinfo);
update point set needarchive = 1,cmpdev =1 where id in (select targetp_id from itagc);
update point set needarchive = 1,cmpdev =1 where id in (select targetq_id from itavc);
update point set needarchive = 1,cmpdev =1 where id in (select svgq_id from svginfo);
update point set needarchive = 1,cmpdev =1 where id in (select targetv_id from svginfo);
update point set needarchive = 1,cmpdev =1 where id in (select svgtargetq_id from svginfo);
update point set needarchive = 1,cmpdev =1 where id in (select svgcontrolmod_id from svginfo);
update point set needarchive = 1,cmpdev =0.5 where id in (select posnum_id from bstationtie);
update point set needarchive = 1,cmpdev =0.5 where id in (select btiecontrol_id from bstationtie);
update point set snivalue=30 where id in (select gplanouttime_id from agcsysinfo);
update point set snivalue=30 where id in (select gplanouttime_id from avcsysinfo);
delete from version;
insert into version(time,versionno,content) values(NOW(),'4.1.1111','框架优化');

insert into sysuser
(name,pwd,desp,type,logintimes)
values
('root@sprixin.com','d998521a860b2a2a41439f41da8160d3','超级管理员',0,0);

-- 命令统计分析表
delete from agcdcmdaly;
delete from avcdcmdaly;
insert into agcdcmdaly(id,alytime,nnumber,adtime,preci,stacoef) values(1,NOW(),0,0,0,0);
insert into avcdcmdaly(id,alytime,nnumber,adtime,preci,stacoef) values(1,NOW(),0,0,0,0);
-- 风电数据库需要执行这句话
-- update point set DESCRIPTION=replace(DESCRIPTION,'逆变器','风机');
commit;

